latitude,longitude,brightness,scan,track,acq_date,acq_time,satellite,instrument,confidence,version,bright_t31,frp,daynight,type
21.76818,86.22256,348.66,0.48,0.4,2021-02-07,0740,N,VIIRS,n,2,299.36,8.96,D,0
21.81829,86.01105,335.84,0.4,0.37,2021-02-08,0721,N,VIIRS,n,2,309.42,1.84,D,0
21.82748,86.24076,304.66,0.39,0.36,2021-02-08,1950,N,VIIRS,n,2,283.71,0.72,N,0
21.82452,86.14765,300.3,0.39,0.36,2021-02-08,1950,N,VIIRS,n,2,286.22,0.61,N,0
21.8332,86.38237,334.26,0.49,0.4,2021-02-23,0740,N,VIIRS,n,2,301.72,3.28,D,0
21.77979,86.2104,309.45,0.39,0.36,2021-02-24,1950,N,VIIRS,n,2,288.09,1.3,N,0
21.77332,86.21374,323.2,0.39,0.36,2021-02-24,1950,N,VIIRS,n,2,290.13,1.39,N,0
21.7759,86.2136,309.72,0.39,0.36,2021-02-24,1950,N,VIIRS,n,2,290.47,0.53,N,0
21.77923,86.21417,307.46,0.39,0.36,2021-02-24,1950,N,VIIRS,n,2,288.06,0.53,N,0
21.68475,86.1441,316.49,0.39,0.36,2021-02-24,1950,N,VIIRS,n,2,293.68,1.75,N,0
21.77389,86.20998,299.13,0.39,0.36,2021-02-24,1950,N,VIIRS,n,2,289.08,0.68,N,0
21.78831,86.21008,335.29,0.42,0.45,2021-02-25,0702,N,VIIRS,n,2,304.85,4.04,D,0
21.78089,86.21611,340.27,0.42,0.45,2021-02-25,0702,N,VIIRS,n,2,305.86,9.73,D,0
21.88162,86.06187,338.13,0.42,0.45,2021-02-25,0702,N,VIIRS,l,2,312.67,4.33,D,0
21.88566,86.13481,306.79,0.41,0.45,2021-02-25,1931,N,VIIRS,n,2,292.29,1.7,N,0
21.88058,86.10687,303.15,0.41,0.45,2021-02-25,1931,N,VIIRS,n,2,291.82,0.8,N,0
21.76142,86.09681,335.02,0.57,0.43,2021-02-28,0746,N,VIIRS,l,2,308.24,4.81,D,0
21.76077,86.09144,336.7,0.57,0.43,2021-02-28,0746,N,VIIRS,l,2,309.82,4.81,D,0
21.70942,86.12749,305.19,0.39,0.44,2021-02-28,2015,N,VIIRS,n,2,293.38,1.11,N,0
21.7741,86.20528,298.96,0.39,0.44,2021-02-28,2015,N,VIIRS,n,2,284.64,0.49,N,0
21.70876,86.131,315.05,0.39,0.44,2021-02-28,2015,N,VIIRS,n,2,294.24,2.05,N,0
21.6906,86.13908,307.17,0.39,0.44,2021-02-28,2015,N,VIIRS,n,2,286.74,1.63,N,0
21.81154,86.1181,334.12,0.39,0.36,2021-03-01,0727,N,VIIRS,l,2,307.33,6.54,D,0
21.82311,86.05908,338.91,0.38,0.36,2021-03-01,0727,N,VIIRS,l,2,311.85,2.81,D,0
21.72947,86.0413,347.93,0.38,0.36,2021-03-01,0727,N,VIIRS,n,2,312.82,9.85,D,0
21.71296,86.13524,334.33,0.39,0.36,2021-03-01,0727,N,VIIRS,l,2,305.39,5.4,D,0
21.719,86.0621,348.27,0.38,0.36,2021-03-01,0727,N,VIIRS,n,2,312.35,7.34,D,0
21.80215,86.19195,337.19,0.39,0.36,2021-03-01,0727,N,VIIRS,n,2,307.9,3.89,D,0
21.79939,86.19621,340.26,0.39,0.36,2021-03-01,0727,N,VIIRS,n,2,308.49,3.89,D,0
21.69301,86.14992,303.4,0.39,0.36,2021-03-01,1956,N,VIIRS,n,2,293.19,0.76,N,0
21.77036,86.17516,307.02,0.39,0.36,2021-03-01,1956,N,VIIRS,n,2,291.79,1,N,0
21.71697,86.39919,300.76,0.39,0.36,2021-03-01,1956,N,VIIRS,n,2,289.32,0.46,N,0
21.73629,86.40662,310.25,0.39,0.36,2021-03-01,1956,N,VIIRS,n,2,291.03,0.86,N,0
21.7396,86.40726,308.76,0.39,0.36,2021-03-01,1956,N,VIIRS,n,2,290.84,0.86,N,0
21.99722,86.13531,317.56,0.39,0.36,2021-03-01,1956,N,VIIRS,n,2,294.22,1.84,N,0
21.9963,86.11979,310.29,0.39,0.36,2021-03-01,1956,N,VIIRS,n,2,293.15,1.43,N,0
21.99391,86.1347,313.64,0.39,0.36,2021-03-01,1956,N,VIIRS,n,2,292.84,1.61,N,0
21.80501,86.19296,311.8,0.39,0.36,2021-03-01,1956,N,VIIRS,n,2,293,0.86,N,0
21.8056,86.18929,302.79,0.39,0.36,2021-03-01,1956,N,VIIRS,n,2,292.52,0.86,N,0
21.95095,86.2953,313.24,0.39,0.36,2021-03-01,1956,N,VIIRS,n,2,287.96,0.69,N,0
21.9924,86.12291,307.22,0.39,0.36,2021-03-01,1956,N,VIIRS,n,2,292.81,0.97,N,0
21.79386,86.19865,312.43,0.39,0.36,2021-03-01,1956,N,VIIRS,n,2,292.63,1.04,N,0
21.79281,86.20274,345.02,0.51,0.41,2021-03-02,0708,N,VIIRS,n,2,313.71,8.16,D,0
21.94679,86.28075,332.74,0.5,0.41,2021-03-02,0708,N,VIIRS,l,2,306.04,3.32,D,0
21.94005,86.28641,339.3,0.5,0.41,2021-03-02,0708,N,VIIRS,l,2,310.77,7.42,D,0
21.79937,86.10793,336.94,0.52,0.41,2021-03-02,0708,N,VIIRS,l,2,309.71,8.4,D,0
21.93922,86.2817,343.66,0.5,0.41,2021-03-02,0708,N,VIIRS,n,2,313.09,6.03,D,0
21.94301,86.28121,337.82,0.5,0.41,2021-03-02,0708,N,VIIRS,l,2,309.79,6.03,D,0
21.79181,86.10949,346.52,0.52,0.41,2021-03-02,0708,N,VIIRS,n,2,308.64,6.41,D,0
21.79661,86.20222,337.17,0.51,0.41,2021-03-02,0708,N,VIIRS,n,2,308.15,8.16,D,0
21.94007,86.27489,301.66,0.5,0.41,2021-03-02,1937,N,VIIRS,n,2,290.03,0.75,N,0
21.94437,86.27122,302.99,0.5,0.41,2021-03-02,1937,N,VIIRS,n,2,291.73,2.05,N,0
21.73819,86.08688,340.28,0.33,0.55,2021-03-03,0650,N,VIIRS,n,2,309.85,1.75,D,0
21.88051,86.2966,310.49,0.32,0.54,2021-03-03,1918,N,VIIRS,n,2,290.24,0.77,N,0
21.93929,86.2224,299.51,0.32,0.55,2021-03-03,1918,N,VIIRS,n,2,288.08,0.46,N,0
21.93748,86.18995,303.13,0.32,0.55,2021-03-03,1918,N,VIIRS,n,2,291.96,0.62,N,0
21.803,86.21227,305.42,0.32,0.55,2021-03-03,1918,N,VIIRS,n,2,291.07,0.81,N,0
21.80336,86.20868,304.39,0.32,0.55,2021-03-03,1918,N,VIIRS,n,2,290.75,0.81,N,0
21.94875,86.31,335.54,0.49,0.65,2021-03-04,0811,N,VIIRS,n,2,301.84,3.24,D,0
21.86038,86.0754,351.19,0.47,0.64,2021-03-04,0811,N,VIIRS,n,2,308.52,8.3,D,0
21.93527,86.26011,301.81,0.65,0.73,2021-03-04,1859,N,VIIRS,n,2,289.5,1.22,N,0
21.94145,86.26913,302.58,0.64,0.72,2021-03-04,1859,N,VIIRS,n,2,290.71,1.22,N,0
21.9401,86.26405,303.69,0.64,0.72,2021-03-04,1859,N,VIIRS,n,2,291.06,2.28,N,0
21.93965,86.26978,302.26,0.64,0.72,2021-03-04,1859,N,VIIRS,n,2,290.43,1.79,N,0
21.87575,86.11605,301.95,0.47,0.64,2021-03-04,2040,N,VIIRS,n,2,291.18,0.65,N,0
21.94342,86.26842,302.21,0.48,0.65,2021-03-04,2040,N,VIIRS,n,2,290.97,0.92,N,0
21.8824,86.11413,303.06,0.47,0.64,2021-03-04,2040,N,VIIRS,n,2,290.04,0.65,N,0
21.93828,86.26369,304.62,0.48,0.65,2021-03-04,2040,N,VIIRS,n,2,290.39,0.92,N,0
21.87657,86.11255,306.33,0.47,0.64,2021-03-04,2040,N,VIIRS,n,2,290.89,0.65,N,0
21.79974,86.00204,341.12,0.46,0.47,2021-03-05,0752,N,VIIRS,n,2,309.14,4.36,D,0
21.85986,86.348,339.1,0.49,0.49,2021-03-05,0752,N,VIIRS,n,2,302.54,3.87,D,0
21.85933,86.34322,330.59,0.49,0.48,2021-03-05,0752,N,VIIRS,l,2,302.81,3.87,D,0
21.86509,86.10829,341.18,0.47,0.48,2021-03-05,0752,N,VIIRS,n,2,306.11,5.09,D,0
21.95224,86.17423,335.5,0.48,0.48,2021-03-05,0752,N,VIIRS,l,2,305.96,7.14,D,0
21.95525,86.16056,344.15,0.48,0.48,2021-03-05,0752,N,VIIRS,n,2,306.3,6.31,D,0
21.95474,86.15593,345.28,0.48,0.48,2021-03-05,0752,N,VIIRS,n,2,307.8,6.31,D,0
21.96175,86.17873,334.3,0.48,0.48,2021-03-05,0752,N,VIIRS,l,2,306.93,3.69,D,0
21.96124,86.17413,334.48,0.48,0.48,2021-03-05,0752,N,VIIRS,l,2,307.57,3.69,D,0
21.99202,86.12698,339.26,0.48,0.48,2021-03-05,0752,N,VIIRS,n,2,306.96,4.51,D,0
21.702,86.03921,344.37,0.47,0.47,2021-03-05,0752,N,VIIRS,n,2,310.48,7,D,0
21.70154,86.03589,343.29,0.47,0.47,2021-03-05,0752,N,VIIRS,n,2,310.02,8.01,D,0
21.77464,86.09089,335.12,0.47,0.48,2021-03-05,0752,N,VIIRS,n,2,309.84,2.77,D,0
21.7309,86.05956,335.14,0.47,0.48,2021-03-05,0752,N,VIIRS,l,2,308.7,3.28,D,0
21.78788,86.16811,332.58,0.48,0.48,2021-03-05,0752,N,VIIRS,l,2,304.32,4.29,D,0
21.79389,86.18143,338.1,0.48,0.48,2021-03-05,0752,N,VIIRS,n,2,304.67,3.57,D,0
21.79442,86.10726,343.23,0.47,0.48,2021-03-05,0752,N,VIIRS,n,2,306.36,4.4,D,0
21.79991,86.00008,342.89,0.46,0.47,2021-03-05,0752,N,VIIRS,n,2,309.72,2.92,D,0
21.91501,86.34062,303.97,0.49,0.49,2021-03-05,2021,N,VIIRS,n,2,290.38,1.04,N,0
21.88335,86.11907,341.95,0.48,0.48,2021-03-05,2021,N,VIIRS,n,2,297.12,2.49,N,0
21.97479,86.18192,308.33,0.48,0.48,2021-03-05,2021,N,VIIRS,n,2,293.37,1.64,N,0
21.88414,86.11508,314.2,0.48,0.48,2021-03-05,2021,N,VIIRS,n,2,294.05,2.49,N,0
21.87978,86.11398,304.29,0.48,0.48,2021-03-05,2021,N,VIIRS,n,2,293.98,2.49,N,0
21.879,86.1179,307.11,0.48,0.48,2021-03-05,2021,N,VIIRS,n,2,294.54,2.49,N,0
21.87103,86.11196,305.57,0.48,0.48,2021-03-05,2021,N,VIIRS,n,2,293.99,1.78,N,0
21.86224,86.15572,304.88,0.48,0.48,2021-03-05,2021,N,VIIRS,n,2,291.22,1.8,N,0
21.86751,86.10667,307.98,0.48,0.48,2021-03-05,2021,N,VIIRS,n,2,294.21,1.78,N,0
21.85964,86.10023,310.15,0.48,0.48,2021-03-05,2021,N,VIIRS,n,2,294.28,1.84,N,0
21.85883,86.10428,309.24,0.48,0.48,2021-03-05,2021,N,VIIRS,n,2,294.91,1.84,N,0
21.85806,86.1081,316,0.48,0.48,2021-03-05,2021,N,VIIRS,n,2,294.76,2.09,N,0
21.85728,86.11196,310.81,0.48,0.48,2021-03-05,2021,N,VIIRS,n,2,294.08,2.09,N,0
21.69494,86.15583,305.93,0.49,0.48,2021-03-05,2021,N,VIIRS,n,2,293,1.57,N,0
21.97834,86.18713,308.46,0.48,0.48,2021-03-05,2021,N,VIIRS,n,2,293.7,1.64,N,0
21.98094,86.1971,305.31,0.48,0.48,2021-03-05,2021,N,VIIRS,n,2,293.6,2.04,N,0
21.99768,86.18224,313.21,0.48,0.48,2021-03-05,2021,N,VIIRS,n,2,293.31,1.48,N,0
21.75435,86.40376,301.28,0.5,0.49,2021-03-05,2021,N,VIIRS,n,2,290.65,0.61,N,0
21.79626,86.16932,300.72,0.49,0.48,2021-03-05,2021,N,VIIRS,n,2,290.26,0.51,N,0
21.78069,86.13196,303.27,0.48,0.48,2021-03-05,2021,N,VIIRS,n,2,292.61,1.45,N,0
21.77545,86.13522,306.17,0.48,0.48,2021-03-05,2021,N,VIIRS,n,2,292.95,1.45,N,0
21.77106,86.13416,308.62,0.48,0.48,2021-03-05,2021,N,VIIRS,n,2,293.62,1.47,N,0
21.73816,86.06966,303.15,0.48,0.48,2021-03-05,2021,N,VIIRS,n,2,290.34,0.79,N,0
21.69811,86.15347,304.26,0.49,0.48,2021-03-05,2021,N,VIIRS,n,2,292.9,1.33,N,0
21.69723,86.15778,303.03,0.49,0.48,2021-03-05,2021,N,VIIRS,n,2,291.96,0.81,N,0
21.83374,86.09549,313.22,0.48,0.48,2021-03-05,2021,N,VIIRS,n,2,294.19,1.56,N,0
21.81434,86.19429,310.83,0.49,0.48,2021-03-05,2021,N,VIIRS,n,2,292.56,2.44,N,0
21.82938,86.09441,304.82,0.48,0.48,2021-03-05,2021,N,VIIRS,n,2,293.59,1.56,N,0
21.81676,86.15868,302.08,0.48,0.48,2021-03-05,2021,N,VIIRS,n,2,291.69,1.94,N,0
21.76321,86.40621,303.44,0.5,0.49,2021-03-05,2021,N,VIIRS,n,2,288.83,0.59,N,0
21.80062,86.17053,300.33,0.49,0.48,2021-03-05,2021,N,VIIRS,n,2,288.82,0.51,N,0
21.79118,86.21819,302.33,0.49,0.48,2021-03-05,2021,N,VIIRS,n,2,292.26,0.93,N,0
21.90385,86.22392,305.05,0.49,0.48,2021-03-05,2021,N,VIIRS,n,2,292.6,1.41,N,0
21.89856,86.22737,313.7,0.49,0.48,2021-03-05,2021,N,VIIRS,n,2,293.12,1.73,N,0
21.89495,86.22236,305.49,0.49,0.48,2021-03-05,2021,N,VIIRS,n,2,292.43,1.73,N,0
21.90178,86.14156,309.63,0.48,0.48,2021-03-05,2021,N,VIIRS,n,2,293.98,2.65,N,0
21.90095,86.14574,308.89,0.48,0.48,2021-03-05,2021,N,VIIRS,n,2,293.88,2.36,N,0
21.89753,86.13985,338.21,0.48,0.48,2021-03-05,2021,N,VIIRS,n,2,294.86,7.19,N,0
21.89228,86.1432,304.83,0.48,0.48,2021-03-05,2021,N,VIIRS,n,2,292.75,2.68,N,0
21.84546,86.3312,310.59,0.5,0.49,2021-03-05,2021,N,VIIRS,n,2,290.42,1.38,N,0
21.84483,86.08295,305.4,0.48,0.48,2021-03-05,2021,N,VIIRS,n,2,292.69,2.24,N,0
21.84049,86.08178,319.36,0.48,0.48,2021-03-05,2021,N,VIIRS,n,2,294.42,2.24,N,0
21.83686,86.09963,311.22,0.48,0.48,2021-03-05,2021,N,VIIRS,n,2,293.67,1.93,N,0
21.81692,86.19768,306.78,0.49,0.48,2021-03-05,2021,N,VIIRS,n,2,291.44,1.52,N,0
21.83522,86.08517,303.75,0.48,0.48,2021-03-05,2021,N,VIIRS,n,2,292.89,1.37,N,0
21.83342,86.09402,310.62,0.48,0.48,2021-03-05,2021,N,VIIRS,n,2,294.24,2.97,N,0
21.81577,86.1807,304.41,0.49,0.48,2021-03-05,2021,N,VIIRS,n,2,293.91,1.27,N,0
21.81244,86.19705,304.49,0.49,0.48,2021-03-05,2021,N,VIIRS,n,2,292.33,1.61,N,0
21.90066,86.22961,310.43,0.49,0.48,2021-03-05,2021,N,VIIRS,n,2,292.46,0.95,N,0
21.90156,86.22521,304.94,0.49,0.48,2021-03-05,2021,N,VIIRS,n,2,292.55,0.94,N,0
21.90247,86.22076,304.94,0.49,0.48,2021-03-05,2021,N,VIIRS,n,2,292.51,0.94,N,0
21.86828,86.11317,338.39,0.41,0.37,2021-03-06,0733,N,VIIRS,n,2,307,11.06,D,0
21.7894,86.22226,344.99,0.41,0.37,2021-03-06,0733,N,VIIRS,n,2,304.95,4.5,D,0
21.88668,86.22014,330.94,0.41,0.37,2021-03-06,0733,N,VIIRS,l,2,305.64,2.31,D,0
21.87225,86.11653,343.34,0.41,0.37,2021-03-06,0733,N,VIIRS,n,2,306.58,4.94,D,0
21.87893,86.13933,331.95,0.41,0.37,2021-03-06,0733,N,VIIRS,l,2,304.71,3.02,D,0
21.89407,86.22279,331.21,0.41,0.37,2021-03-06,0733,N,VIIRS,l,2,305.94,2.97,D,0
21.91764,86.3419,334.23,0.42,0.38,2021-03-06,0733,N,VIIRS,l,2,306.6,2.45,D,0
21.88758,86.12608,343.52,0.41,0.37,2021-03-06,0733,N,VIIRS,n,2,306.36,4.59,D,0
21.89715,86.16947,331.8,0.41,0.37,2021-03-06,0733,N,VIIRS,n,2,304.52,2.82,D,0
21.8949,86.15337,335.32,0.41,0.37,2021-03-06,0733,N,VIIRS,l,2,306.41,4.87,D,0
21.89432,86.14922,346.18,0.41,0.37,2021-03-06,0733,N,VIIRS,n,2,309.43,4.87,D,0
21.89774,86.14867,333.33,0.41,0.37,2021-03-06,0733,N,VIIRS,l,2,306.19,4.85,D,0
21.88896,86.08597,337.04,0.41,0.37,2021-03-06,0733,N,VIIRS,n,2,310,6.23,D,0
21.8884,86.08201,347.14,0.41,0.37,2021-03-06,0733,N,VIIRS,n,2,313.61,5.63,D,0
21.75461,86.41684,335.77,0.42,0.38,2021-03-06,0733,N,VIIRS,n,2,304.01,3.18,D,0
21.89182,86.08148,339.26,0.41,0.37,2021-03-06,0733,N,VIIRS,n,2,310.93,5.63,D,0
21.81173,86.38297,332.76,0.42,0.38,2021-03-06,0733,N,VIIRS,n,2,301.86,2.15,D,0
21.79623,86.37281,338.23,0.42,0.38,2021-03-06,0733,N,VIIRS,n,2,303.78,3.05,D,0
21.79277,86.3733,336.55,0.42,0.38,2021-03-06,0733,N,VIIRS,n,2,304.2,3.05,D,0
21.75635,86.31322,341.39,0.42,0.37,2021-03-06,0733,N,VIIRS,n,2,305.17,4.83,D,0
21.78886,86.21841,334.7,0.41,0.37,2021-03-06,0733,N,VIIRS,n,2,304.38,2.69,D,0
21.78833,86.21461,337.19,0.41,0.37,2021-03-06,0733,N,VIIRS,n,2,304.33,2.69,D,0
21.77178,86.09624,340.1,0.41,0.37,2021-03-06,0733,N,VIIRS,n,2,307.94,2.78,D,0
21.76957,86.08049,334.88,0.41,0.37,2021-03-06,0733,N,VIIRS,l,2,307.94,3.6,D,0
21.81517,86.38236,336.94,0.42,0.38,2021-03-06,0733,N,VIIRS,n,2,302.87,2.87,D,0
21.81244,86.18648,336.63,0.41,0.37,2021-03-06,0733,N,VIIRS,n,2,306.13,2.52,D,0
21.80862,86.15923,333.65,0.41,0.37,2021-03-06,0733,N,VIIRS,l,2,307.46,2.91,D,0
21.8069,86.14706,342.16,0.41,0.37,2021-03-06,0733,N,VIIRS,n,2,306.24,3.16,D,0
21.81638,86.18963,347.6,0.41,0.37,2021-03-06,0733,N,VIIRS,n,2,305.76,6.04,D,0
21.81088,86.15049,336.18,0.41,0.37,2021-03-06,0733,N,VIIRS,l,2,306.19,3.83,D,0
21.84167,86.34493,342.26,0.42,0.37,2021-03-06,0733,N,VIIRS,n,2,307.23,5.45,D,0
21.81927,86.18523,334.29,0.41,0.37,2021-03-06,0733,N,VIIRS,l,2,305.7,6.04,D,0
21.81874,86.18147,339.7,0.41,0.37,2021-03-06,0733,N,VIIRS,n,2,306.73,4.02,D,0
21.81883,86.15722,341.54,0.41,0.37,2021-03-06,0733,N,VIIRS,n,2,306.63,4.01,D,0
21.99606,86.38595,336.08,0.42,0.38,2021-03-06,0733,N,VIIRS,n,2,307.43,3.95,D,0
21.98074,86.19802,333.84,0.41,0.37,2021-03-06,0733,N,VIIRS,l,2,308.82,2.59,D,0
21.98471,86.20138,333.18,0.41,0.37,2021-03-06,0733,N,VIIRS,l,2,306.95,3.67,D,0
21.9876,86.19691,337.25,0.41,0.37,2021-03-06,0733,N,VIIRS,l,2,307.6,2.13,D,0
21.88434,86.2286,331.25,0.41,0.37,2021-03-06,0733,N,VIIRS,n,2,305.15,2.65,D,0
21.83764,86.09402,333.4,0.41,0.37,2021-03-06,0733,N,VIIRS,l,2,306.52,3.22,D,0
21.82738,86.09562,332.84,0.41,0.37,2021-03-06,0733,N,VIIRS,l,2,307.49,3.01,D,0
21.83966,86.23544,346.62,0.41,0.37,2021-03-06,0733,N,VIIRS,n,2,306.99,6.68,D,0
21.84191,86.25188,334.1,0.41,0.37,2021-03-06,0733,N,VIIRS,n,2,306.14,2.27,D,0
21.8403,86.23495,337.07,0.41,0.37,2021-03-06,0733,N,VIIRS,n,2,306.15,5.54,D,0
21.8735,86.32828,331.22,0.42,0.37,2021-03-06,0733,N,VIIRS,l,2,305.05,2,D,0
21.84339,86.0851,334.9,0.41,0.37,2021-03-06,0733,N,VIIRS,l,2,306.98,1.48,D,0
21.85773,86.16309,347.02,0.41,0.37,2021-03-06,0733,N,VIIRS,n,2,305.53,6.38,D,0
21.85718,86.1591,355.22,0.41,0.37,2021-03-06,0733,N,VIIRS,n,2,308.81,6.97,D,0
21.85663,86.15514,346.49,0.41,0.37,2021-03-06,0733,N,VIIRS,n,2,306.95,6.97,D,0
21.85608,86.15118,332.86,0.41,0.37,2021-03-06,0733,N,VIIRS,n,2,303.44,2.84,D,0
21.84262,86.25134,337.54,0.41,0.37,2021-03-06,0733,N,VIIRS,n,2,305.38,2.69,D,0
21.8035,86.14774,337.76,0.41,0.37,2021-03-06,0733,N,VIIRS,n,2,307.87,3.16,D,0
21.81286,86.21448,332.79,0.41,0.37,2021-03-06,0733,N,VIIRS,l,2,303.82,2.52,D,0
21.82961,86.35941,330.12,0.42,0.37,2021-03-06,0733,N,VIIRS,n,2,304.87,1.43,D,0
21.785,86.06598,340.62,0.41,0.37,2021-03-06,0733,N,VIIRS,l,2,313.02,16.5,D,0
21.78555,86.06992,348.25,0.41,0.37,2021-03-06,0733,N,VIIRS,n,2,313.11,24.8,D,0
21.78213,86.07045,343.38,0.41,0.37,2021-03-06,0733,N,VIIRS,n,2,312.69,13.86,D,0
21.82608,86.38474,339.6,0.42,0.38,2021-03-06,0733,N,VIIRS,n,2,304.94,3.13,D,0
21.86005,86.15459,342.85,0.41,0.37,2021-03-06,0733,N,VIIRS,n,2,305.38,6.97,D,0
21.8595,86.15061,331.96,0.41,0.37,2021-03-06,0733,N,VIIRS,n,2,304.55,2.84,D,0
21.854,86.11108,336.82,0.41,0.37,2021-03-06,0733,N,VIIRS,n,2,306.57,2.35,D,0
21.85348,86.1073,334.25,0.41,0.37,2021-03-06,0733,N,VIIRS,n,2,306.39,2.35,D,0
21.86459,86.16209,333.39,0.41,0.37,2021-03-06,0733,N,VIIRS,l,2,303.49,2.7,D,0
21.88092,86.22926,340.36,0.41,0.37,2021-03-06,0733,N,VIIRS,n,2,308.78,2.65,D,0
21.87146,86.16115,346.79,0.41,0.37,2021-03-06,0733,N,VIIRS,n,2,304.07,4.22,D,0
21.93908,86.31861,345.16,0.42,0.37,2021-03-06,0733,N,VIIRS,n,2,309.71,5.08,D,0
21.93804,86.28601,342.96,0.42,0.37,2021-03-06,0733,N,VIIRS,n,2,307.75,6,D,0
21.92233,86.17397,346.75,0.41,0.37,2021-03-06,0733,N,VIIRS,n,2,309.7,3.73,D,0
21.92572,86.17317,344.18,0.41,0.37,2021-03-06,0733,N,VIIRS,n,2,309.18,3.73,D,0
21.93079,86.18434,337.28,0.41,0.37,2021-03-06,0733,N,VIIRS,l,2,308.13,2.33,D,0
21.95369,86.23105,336.46,0.41,0.37,2021-03-06,0733,N,VIIRS,n,2,304.99,2.15,D,0
21.98382,86.39979,335.57,0.42,0.38,2021-03-06,0733,N,VIIRS,n,2,307.29,3.87,D,0
21.9833,86.39595,346.51,0.42,0.38,2021-03-06,0733,N,VIIRS,n,2,311.32,3.6,D,0
21.98276,86.39205,333.87,0.42,0.38,2021-03-06,0733,N,VIIRS,l,2,307.19,3.6,D,0
21.99681,86.18738,337.82,0.41,0.37,2021-03-06,0733,N,VIIRS,l,2,311.2,4.07,D,0
21.99915,86.17899,340.72,0.41,0.37,2021-03-06,0733,N,VIIRS,n,2,308.48,5.65,D,0
21.77872,86.07098,353.21,0.41,0.37,2021-03-06,0733,N,VIIRS,n,2,314.41,13.86,D,0
21.82263,86.3853,334.62,0.42,0.38,2021-03-06,0733,N,VIIRS,n,2,303.51,3.13,D,0
21.81861,86.38177,331.93,0.42,0.38,2021-03-06,0733,N,VIIRS,l,2,302.78,2.87,D,0
21.81919,86.38589,340.18,0.42,0.38,2021-03-06,0733,N,VIIRS,n,2,303.09,2.87,D,0
21.7853,86.37017,334.36,0.42,0.38,2021-03-06,0733,N,VIIRS,l,2,304.4,6.5,D,0
21.73992,86.09326,333.2,0.41,0.37,2021-03-06,0733,N,VIIRS,l,2,307.98,3.65,D,0
21.75117,86.41742,330.1,0.42,0.38,2021-03-06,0733,N,VIIRS,n,2,304.27,1.88,D,0
21.68956,86.15347,332.27,0.41,0.37,2021-03-06,0733,N,VIIRS,l,2,305.74,2.97,D,0
21.68617,86.15418,340.01,0.41,0.37,2021-03-06,0733,N,VIIRS,n,2,308.86,4.7,D,0
21.82175,86.18764,304.25,0.42,0.38,2021-03-06,2002,N,VIIRS,n,2,291.22,1,N,0
21.98398,86.40619,302.25,0.42,0.38,2021-03-06,2002,N,VIIRS,n,2,291.57,0.69,N,0
21.97908,86.39322,313.6,0.42,0.38,2021-03-06,2002,N,VIIRS,n,2,292.16,1.21,N,0
21.97841,86.39709,313.61,0.42,0.38,2021-03-06,2002,N,VIIRS,n,2,292.25,1.21,N,0
21.97306,86.36615,304.01,0.42,0.38,2021-03-06,2002,N,VIIRS,n,2,292.83,0.75,N,0
21.97233,86.37037,304.97,0.42,0.38,2021-03-06,2002,N,VIIRS,n,2,292.14,0.75,N,0
21.99874,86.19625,312.21,0.42,0.37,2021-03-06,2002,N,VIIRS,n,2,293.75,1.37,N,0
21.97034,86.36124,306.73,0.42,0.38,2021-03-06,2002,N,VIIRS,n,2,293.05,1.83,N,0
21.96961,86.36548,308.89,0.42,0.38,2021-03-06,2002,N,VIIRS,n,2,292.53,0.75,N,0
21.96888,86.36971,301.96,0.42,0.38,2021-03-06,2002,N,VIIRS,n,2,290.79,0.75,N,0
21.96837,86.3521,303.55,0.42,0.38,2021-03-06,2002,N,VIIRS,n,2,292.03,0.7,N,0
21.99121,86.19888,311.26,0.42,0.37,2021-03-06,2002,N,VIIRS,n,2,294.34,1.28,N,0
21.99054,86.20277,317.57,0.42,0.37,2021-03-06,2002,N,VIIRS,n,2,294.85,1.07,N,0
21.96273,86.36405,312.84,0.42,0.38,2021-03-06,2002,N,VIIRS,n,2,292.96,1.2,N,0
21.96201,86.36826,317.37,0.42,0.38,2021-03-06,2002,N,VIIRS,n,2,293.3,1.2,N,0
21.98911,86.19047,309.44,0.42,0.37,2021-03-06,2002,N,VIIRS,n,2,290.67,0.94,N,0
21.98844,86.19438,309.24,0.42,0.37,2021-03-06,2002,N,VIIRS,n,2,292.82,1.28,N,0
21.9871,86.20219,302.92,0.42,0.37,2021-03-06,2002,N,VIIRS,n,2,292.5,1.07,N,0
21.98643,86.20612,311.8,0.42,0.37,2021-03-06,2002,N,VIIRS,n,2,292.12,1.07,N,0
21.95859,86.36745,306.07,0.42,0.38,2021-03-06,2002,N,VIIRS,n,2,291.03,1.2,N,0
21.98569,86.1898,324.38,0.42,0.37,2021-03-06,2002,N,VIIRS,n,2,292.96,1.53,N,0
21.98636,86.18587,300.49,0.42,0.37,2021-03-06,2002,N,VIIRS,n,2,290.47,1.53,N,0
21.98299,86.20551,314.52,0.42,0.37,2021-03-06,2002,N,VIIRS,n,2,292.35,2.11,N,0
21.93436,86.28809,300.39,0.42,0.38,2021-03-06,2002,N,VIIRS,n,2,286.73,0.54,N,0
21.93093,86.28736,298.11,0.42,0.38,2021-03-06,2002,N,VIIRS,n,2,286.87,0.59,N,0
21.94532,86.18182,309.17,0.42,0.37,2021-03-06,2002,N,VIIRS,n,2,293.06,1.52,N,0
21.93093,86.26649,306.33,0.42,0.38,2021-03-06,2002,N,VIIRS,n,2,288.42,0.47,N,0
21.92958,86.27444,299.77,0.42,0.38,2021-03-06,2002,N,VIIRS,n,2,289.51,0.57,N,0
21.91866,86.33846,309.43,0.42,0.38,2021-03-06,2002,N,VIIRS,n,2,289.46,0.75,N,0
21.91797,86.34251,302.78,0.42,0.38,2021-03-06,2002,N,VIIRS,n,2,289.3,0.75,N,0
21.87462,86.32557,301.13,0.42,0.38,2021-03-06,2002,N,VIIRS,n,2,289.71,1.21,N,0
21.90285,86.14053,315.55,0.42,0.37,2021-03-06,2002,N,VIIRS,n,2,293.54,2.35,N,0
21.90219,86.14437,317.89,0.42,0.37,2021-03-06,2002,N,VIIRS,n,2,293.67,2.65,N,0
21.90081,86.15244,316.53,0.42,0.37,2021-03-06,2002,N,VIIRS,n,2,293.53,2.28,N,0
21.88706,86.23259,303.04,0.42,0.38,2021-03-06,2002,N,VIIRS,n,2,289.71,0.73,N,0
21.90011,86.13586,311.72,0.42,0.37,2021-03-06,2002,N,VIIRS,n,2,293.8,2.24,N,0
21.89668,86.15588,308.25,0.42,0.37,2021-03-06,2002,N,VIIRS,n,2,291.51,1.82,N,0
21.88498,86.22405,309.89,0.42,0.38,2021-03-06,2002,N,VIIRS,n,2,288.82,1.64,N,0
21.89932,86.11983,303.93,0.42,0.37,2021-03-06,2002,N,VIIRS,n,2,289.54,0.85,N,0
21.89866,86.1237,305.54,0.42,0.37,2021-03-06,2002,N,VIIRS,n,2,291.47,0.85,N,0
21.898,86.12751,318.03,0.42,0.37,2021-03-06,2002,N,VIIRS,n,2,293.86,1.66,N,0
21.89736,86.13129,308.09,0.42,0.37,2021-03-06,2002,N,VIIRS,n,2,293.9,1.66,N,0
21.8822,86.21957,308.7,0.42,0.38,2021-03-06,2002,N,VIIRS,n,2,287.73,1.63,N,0
21.88014,86.23153,304.01,0.42,0.38,2021-03-06,2002,N,VIIRS,n,2,287.6,0.85,N,0
21.89396,86.13051,323.04,0.42,0.37,2021-03-06,2002,N,VIIRS,n,2,295.72,3.09,N,0
21.86918,86.2746,303.2,0.42,0.38,2021-03-06,2002,N,VIIRS,n,2,290.12,0.69,N,0
21.85669,86.34696,301.04,0.42,0.38,2021-03-06,2002,N,VIIRS,n,2,289.2,0.59,N,0
21.85598,86.35106,305.47,0.42,0.38,2021-03-06,2002,N,VIIRS,n,2,290.4,1.35,N,0
21.89056,86.12975,326.77,0.42,0.37,2021-03-06,2002,N,VIIRS,n,2,294.71,3.09,N,0
21.88991,86.13353,326.1,0.42,0.37,2021-03-06,2002,N,VIIRS,n,2,294.64,2.03,N,0
21.83889,86.2328,304.16,0.42,0.38,2021-03-06,2002,N,VIIRS,n,2,290.87,1.69,N,0
21.80723,86.41881,304.95,0.43,0.38,2021-03-06,2002,N,VIIRS,n,2,290.15,2.89,N,0
21.80377,86.41816,342.21,0.43,0.38,2021-03-06,2002,N,VIIRS,n,2,292.71,2.89,N,0
21.85447,86.11996,307.99,0.42,0.37,2021-03-06,2002,N,VIIRS,n,2,289.47,0.54,N,0
21.85369,86.10372,331.24,0.42,0.37,2021-03-06,2002,N,VIIRS,n,2,296.32,2.96,N,0
21.80029,86.41762,321.77,0.43,0.38,2021-03-06,2002,N,VIIRS,n,2,290.48,1.95,N,0
21.85434,86.09993,316.45,0.42,0.37,2021-03-06,2002,N,VIIRS,n,2,293.84,2.68,N,0
21.8524,86.11134,308.39,0.42,0.37,2021-03-06,2002,N,VIIRS,n,2,293.8,1.88,N,0
21.85172,86.11532,315.31,0.42,0.37,2021-03-06,2002,N,VIIRS,n,2,291.79,1.88,N,0
21.8204,86.29978,306.88,0.42,0.38,2021-03-06,2002,N,VIIRS,n,2,291.42,1.16,N,0
21.81833,86.31196,298.79,0.42,0.38,2021-03-06,2002,N,VIIRS,n,2,288.15,0.81,N,0
21.85025,86.10316,320.08,0.42,0.37,2021-03-06,2002,N,VIIRS,n,2,295.27,2.96,N,0
21.8496,86.10701,331.77,0.42,0.37,2021-03-06,2002,N,VIIRS,n,2,296.95,2.96,N,0
21.84895,86.11086,333.92,0.42,0.37,2021-03-06,2002,N,VIIRS,n,2,295.65,1.88,N,0
21.81695,86.29916,305.76,0.42,0.38,2021-03-06,2002,N,VIIRS,n,2,290.64,1.16,N,0
21.81626,86.30324,300.1,0.42,0.38,2021-03-06,2002,N,VIIRS,n,2,287.78,0.89,N,0
21.84682,86.10261,342.39,0.42,0.37,2021-03-06,2002,N,VIIRS,n,2,293.68,2.1,N,0
21.84748,86.09872,312.04,0.42,0.37,2021-03-06,2002,N,VIIRS,n,2,292.39,1.53,N,0
21.84616,86.10648,303.09,0.42,0.37,2021-03-06,2002,N,VIIRS,n,2,292.95,2.1,N,0
21.84273,86.10587,310.13,0.42,0.37,2021-03-06,2002,N,VIIRS,n,2,290.35,2.1,N,0
21.842,86.08939,300.62,0.41,0.37,2021-03-06,2002,N,VIIRS,n,2,290.11,1.69,N,0
21.7928,86.37796,311.53,0.42,0.38,2021-03-06,2002,N,VIIRS,n,2,290.26,1.74,N,0
21.82305,86.18004,309.11,0.42,0.38,2021-03-06,2002,N,VIIRS,n,2,292.36,0.73,N,0
21.8224,86.18384,301.89,0.42,0.38,2021-03-06,2002,N,VIIRS,n,2,291.64,0.73,N,0
21.83249,86.10379,309.61,0.42,0.37,2021-03-06,2002,N,VIIRS,n,2,293.47,1.54,N,0
21.82372,86.15533,314.04,0.42,0.37,2021-03-06,2002,N,VIIRS,n,2,293.82,2.95,N,0
21.81961,86.17948,308.43,0.42,0.38,2021-03-06,2002,N,VIIRS,n,2,293.67,1.57,N,0
21.82097,86.15068,313.81,0.42,0.37,2021-03-06,2002,N,VIIRS,n,2,292.99,1.48,N,0
21.81818,86.16708,308.04,0.42,0.37,2021-03-06,2002,N,VIIRS,n,2,292.31,1.98,N,0
21.78389,86.36751,317.67,0.42,0.38,2021-03-06,2002,N,VIIRS,n,2,290.27,2.7,N,0
21.7832,86.37154,305.67,0.42,0.38,2021-03-06,2002,N,VIIRS,n,2,289.6,1.05,N,0
21.82765,86.09068,304.19,0.42,0.37,2021-03-06,2002,N,VIIRS,n,2,291.68,0.94,N,0
21.82491,86.08607,308.26,0.41,0.37,2021-03-06,2002,N,VIIRS,n,2,291.94,1.45,N,0
21.82424,86.09001,303.29,0.42,0.37,2021-03-06,2002,N,VIIRS,n,2,290.97,0.94,N,0
21.81338,86.15371,306.47,0.42,0.37,2021-03-06,2002,N,VIIRS,n,2,290.2,1.67,N,0
21.80794,86.18559,315.69,0.42,0.38,2021-03-06,2002,N,VIIRS,n,2,292.77,1.88,N,0
21.80728,86.18945,316.33,0.42,0.38,2021-03-06,2002,N,VIIRS,n,2,292.94,1.88,N,0
21.77707,86.17961,303.7,0.42,0.38,2021-03-06,2002,N,VIIRS,n,2,292.22,1.27,N,0
21.7757,86.18758,306.23,0.42,0.38,2021-03-06,2002,N,VIIRS,n,2,291.35,0.92,N,0
21.77435,86.19542,303.33,0.42,0.38,2021-03-06,2002,N,VIIRS,n,2,292.31,1.14,N,0
21.777,86.15934,300.63,0.42,0.37,2021-03-06,2002,N,VIIRS,n,2,289.1,0.47,N,0
21.77365,86.17887,311.55,0.42,0.38,2021-03-06,2002,N,VIIRS,n,2,294.04,1.27,N,0
21.77228,86.18684,300.35,0.42,0.38,2021-03-06,2002,N,VIIRS,n,2,289.76,0.92,N,0
21.76886,86.18613,303.23,0.42,0.38,2021-03-06,2002,N,VIIRS,n,2,291.79,0.75,N,0
21.7706,86.07673,310.26,0.42,0.37,2021-03-06,2002,N,VIIRS,n,2,289.21,1.65,N,0
21.76993,86.0807,309.19,0.42,0.37,2021-03-06,2002,N,VIIRS,n,2,289.55,1.44,N,0
21.7599,86.14011,308.04,0.42,0.37,2021-03-06,2002,N,VIIRS,n,2,293.2,1.41,N,0
21.75513,86.16846,299.21,0.42,0.38,2021-03-06,2002,N,VIIRS,n,2,288.52,0.27,N,0
21.75309,86.13848,315.18,0.42,0.37,2021-03-06,2002,N,VIIRS,n,2,294.15,1.5,N,0
21.74967,86.13778,315.91,0.42,0.37,2021-03-06,2002,N,VIIRS,n,2,293.32,1.5,N,0
21.749,86.14175,313.95,0.42,0.37,2021-03-06,2002,N,VIIRS,n,2,293.03,2.05,N,0
21.74807,86.08465,304.16,0.42,0.37,2021-03-06,2002,N,VIIRS,n,2,288.62,0.73,N,0
21.74465,86.08399,313.89,0.42,0.37,2021-03-06,2002,N,VIIRS,n,2,290.63,0.73,N,0
21.74185,86.05881,297.57,0.41,0.37,2021-03-06,2002,N,VIIRS,n,2,287.22,0.47,N,0
21.73645,86.09064,303.03,0.42,0.37,2021-03-06,2002,N,VIIRS,n,2,288.92,1.23,N,0
21.77565,86.06432,311.33,0.41,0.37,2021-03-06,2002,N,VIIRS,n,2,287.78,1.33,N,0
21.77292,86.08019,311.11,0.42,0.37,2021-03-06,2002,N,VIIRS,n,2,289.52,0.78,N,0
21.76131,86.14764,304.64,0.42,0.37,2021-03-06,2002,N,VIIRS,n,2,290.41,1.51,N,0
21.75853,86.16377,312.77,0.42,0.37,2021-03-06,2002,N,VIIRS,n,2,290.56,1.48,N,0
21.77019,86.07555,309.12,0.41,0.37,2021-03-06,2002,N,VIIRS,n,2,289.12,1.32,N,0
21.76951,86.07951,302.82,0.42,0.37,2021-03-06,2002,N,VIIRS,n,2,289.37,0.78,N,0
21.76882,86.08349,299.42,0.42,0.37,2021-03-06,2002,N,VIIRS,n,2,289.26,0.78,N,0
21.7593,86.13881,304.18,0.42,0.37,2021-03-06,2002,N,VIIRS,n,2,293.57,0.99,N,0
21.75441,86.16711,301.75,0.42,0.38,2021-03-06,2002,N,VIIRS,n,2,289.14,0.35,N,0
21.73578,86.09458,316.65,0.42,0.37,2021-03-06,2002,N,VIIRS,n,2,292.13,1.23,N,0
21.70831,86.02771,299.44,0.41,0.37,2021-03-06,2002,N,VIIRS,n,2,288.19,0.38,N,0
21.79436,86.22353,305.51,0.42,0.38,2021-03-06,2002,N,VIIRS,n,2,289.74,0.55,N,0
21.99911,86.38035,308.65,0.42,0.38,2021-03-06,2002,N,VIIRS,n,2,294.24,1.03,N,0
21.99838,86.38464,306.31,0.42,0.38,2021-03-06,2002,N,VIIRS,n,2,293.63,1.03,N,0
21.99764,86.38892,305.57,0.42,0.38,2021-03-06,2002,N,VIIRS,n,2,291.89,0.72,N,0
21.99491,86.40485,304.17,0.42,0.38,2021-03-06,2002,N,VIIRS,n,2,293.57,1.04,N,0
21.99569,86.37955,318.54,0.42,0.38,2021-03-06,2002,N,VIIRS,n,2,295.22,1.21,N,0
21.99494,86.38388,310.84,0.42,0.38,2021-03-06,2002,N,VIIRS,n,2,293.99,1.21,N,0
21.9942,86.38822,302.76,0.42,0.38,2021-03-06,2002,N,VIIRS,n,2,291.44,0.61,N,0
21.99216,86.40012,303.7,0.42,0.38,2021-03-06,2002,N,VIIRS,n,2,292.65,0.64,N,0
21.99083,86.40784,307.93,0.42,0.38,2021-03-06,2002,N,VIIRS,n,2,294.14,1.46,N,0
21.99151,86.38314,306.61,0.42,0.38,2021-03-06,2002,N,VIIRS,n,2,291.62,1.21,N,0
21.98874,86.39925,305.73,0.42,0.38,2021-03-06,2002,N,VIIRS,n,2,293.94,0.64,N,0
21.98743,86.40686,314.51,0.42,0.38,2021-03-06,2002,N,VIIRS,n,2,293.75,1.46,N,0
21.98099,86.21714,308.23,0.42,0.37,2021-03-06,2002,N,VIIRS,n,2,292.94,0.89,N,0
21.98033,86.22102,313.67,0.42,0.37,2021-03-06,2002,N,VIIRS,n,2,292.45,0.89,N,0
21.97955,86.2049,325.07,0.42,0.37,2021-03-06,2002,N,VIIRS,n,2,292.73,2.11,N,0
21.9973,86.1016,298.35,0.41,0.37,2021-03-06,2002,N,VIIRS,n,2,286.43,0.24,N,0
21.97823,86.21262,314.21,0.42,0.37,2021-03-06,2002,N,VIIRS,n,2,293.72,1.68,N,0
21.97757,86.21648,306.99,0.42,0.37,2021-03-06,2002,N,VIIRS,n,2,292.9,0.89,N,0
21.9769,86.22038,307.27,0.42,0.37,2021-03-06,2002,N,VIIRS,n,2,291.82,0.89,N,0
21.97679,86.20037,321.92,0.42,0.37,2021-03-06,2002,N,VIIRS,n,2,291.89,2.28,N,0
21.97479,86.21199,320.11,0.42,0.37,2021-03-06,2002,N,VIIRS,n,2,293.08,2.5,N,0
21.97412,86.21589,309.58,0.42,0.37,2021-03-06,2002,N,VIIRS,n,2,291.79,1.48,N,0
21.94063,86.38879,300.38,0.42,0.38,2021-03-06,2002,N,VIIRS,n,2,290.32,0.99,N,0
21.93784,86.38432,306.88,0.42,0.38,2021-03-06,2002,N,VIIRS,n,2,292.25,0.68,N,0
21.93719,86.38809,301.68,0.42,0.38,2021-03-06,2002,N,VIIRS,n,2,290.2,0.68,N,0
21.93438,86.38368,305.72,0.42,0.38,2021-03-06,2002,N,VIIRS,n,2,289.33,0.68,N,0
21.93641,86.38074,301.69,0.42,0.38,2021-03-06,2002,N,VIIRS,n,2,290.92,0.76,N,0
21.93577,86.38448,307.91,0.42,0.38,2021-03-06,2002,N,VIIRS,n,2,290.57,1.26,N,0
21.94259,86.17706,326.08,0.42,0.37,2021-03-06,2002,N,VIIRS,n,2,294.49,1.63,N,0
21.94191,86.18102,308.51,0.42,0.37,2021-03-06,2002,N,VIIRS,n,2,292.29,1.63,N,0
21.94123,86.18507,313.77,0.42,0.37,2021-03-06,2002,N,VIIRS,n,2,292.48,1.39,N,0
21.93912,86.19751,301.6,0.42,0.37,2021-03-06,2002,N,VIIRS,n,2,291.27,1.68,N,0
21.93772,86.20574,305.97,0.42,0.37,2021-03-06,2002,N,VIIRS,n,2,289.57,1.54,N,0
21.92685,86.26965,315.62,0.42,0.38,2021-03-06,2002,N,VIIRS,n,2,292.74,1.6,N,0
21.93918,86.17628,314.81,0.42,0.37,2021-03-06,2002,N,VIIRS,n,2,292.73,1.63,N,0
21.93713,86.18836,304.17,0.42,0.37,2021-03-06,2002,N,VIIRS,n,2,292.39,1.39,N,0
21.90835,86.33637,330.65,0.42,0.38,2021-03-06,2002,N,VIIRS,n,2,291.79,2.28,N,0
21.90697,86.34441,307.76,0.42,0.38,2021-03-06,2002,N,VIIRS,n,2,290.15,0.68,N,0
21.93231,86.17507,303.27,0.42,0.37,2021-03-06,2002,N,VIIRS,n,2,290.71,0.58,N,0
21.93163,86.17909,304.43,0.42,0.37,2021-03-06,2002,N,VIIRS,n,2,292.22,0.58,N,0
21.92817,86.19946,306.54,0.42,0.37,2021-03-06,2002,N,VIIRS,n,2,290.95,1.22,N,0
21.90421,86.33972,301.82,0.42,0.38,2021-03-06,2002,N,VIIRS,n,2,290.41,2.28,N,0
21.90352,86.34375,304.2,0.42,0.38,2021-03-06,2002,N,VIIRS,n,2,290.09,0.68,N,0
21.92887,86.17453,306.21,0.42,0.37,2021-03-06,2002,N,VIIRS,n,2,291.33,1.06,N,0
21.8748,86.11861,309.85,0.42,0.37,2021-03-06,2002,N,VIIRS,n,2,292.6,1.19,N,0
21.87004,86.14627,316.08,0.42,0.37,2021-03-06,2002,N,VIIRS,n,2,291.12,2.02,N,0
21.83674,86.33877,300.32,0.42,0.38,2021-03-06,2002,N,VIIRS,n,2,289.1,0.45,N,0
21.87138,86.11793,304.28,0.42,0.37,2021-03-06,2002,N,VIIRS,n,2,293.18,1.19,N,0
21.87074,86.12169,307.47,0.42,0.37,2021-03-06,2002,N,VIIRS,n,2,293.26,1.51,N,0
21.87008,86.12555,317.54,0.42,0.37,2021-03-06,2002,N,VIIRS,n,2,292.47,1.51,N,0
21.87751,86.08817,300.21,0.41,0.37,2021-03-06,2002,N,VIIRS,n,2,288.62,0.48,N,0
21.87223,86.1194,307.26,0.42,0.37,2021-03-06,2002,N,VIIRS,n,2,292.79,1.88,N,0
21.87158,86.1232,312.1,0.42,0.37,2021-03-06,2002,N,VIIRS,n,2,293.3,1.5,N,0
21.87093,86.12706,306.54,0.42,0.37,2021-03-06,2002,N,VIIRS,n,2,291.62,1.5,N,0
21.86754,86.14716,304.05,0.42,0.37,2021-03-06,2002,N,VIIRS,n,2,289.84,1.15,N,0
21.86475,86.12181,303.14,0.42,0.37,2021-03-06,2002,N,VIIRS,n,2,291.67,0.78,N,0
21.85666,86.16975,305.19,0.42,0.37,2021-03-06,2002,N,VIIRS,n,2,292.34,1.67,N,0
21.85324,86.16901,321.65,0.42,0.37,2021-03-06,2002,N,VIIRS,n,2,292.69,1.67,N,0
21.81279,86.40714,325.18,0.43,0.38,2021-03-06,2002,N,VIIRS,n,2,291.9,3.67,N,0
21.8121,86.41118,347.71,0.43,0.38,2021-03-06,2002,N,VIIRS,n,2,294.53,5.03,N,0
21.8114,86.4153,321.82,0.43,0.38,2021-03-06,2002,N,VIIRS,n,2,289.5,5.03,N,0
21.85526,86.15704,309.65,0.42,0.37,2021-03-06,2002,N,VIIRS,n,2,287.63,0.94,N,0
21.85459,86.16101,304.07,0.42,0.37,2021-03-06,2002,N,VIIRS,n,2,290.12,1.19,N,0
21.85392,86.16501,305.6,0.42,0.37,2021-03-06,2002,N,VIIRS,n,2,292.35,1.19,N,0
21.84232,86.23351,310.19,0.42,0.38,2021-03-06,2002,N,VIIRS,n,2,291.7,1.92,N,0
21.80794,86.41467,339.8,0.43,0.38,2021-03-06,2002,N,VIIRS,n,2,292.57,5.09,N,0
21.81205,86.14079,303.92,0.42,0.37,2021-03-06,2002,N,VIIRS,n,2,293.08,1.07,N,0
21.81136,86.1448,305.26,0.42,0.37,2021-03-06,2002,N,VIIRS,n,2,293.63,1.42,N,0
21.80791,86.14426,320.9,0.42,0.37,2021-03-06,2002,N,VIIRS,n,2,294.31,1.42,N,0
21.8086,86.14025,311.21,0.42,0.37,2021-03-06,2002,N,VIIRS,n,2,293.67,1.07,N,0
21.80515,86.13971,307.51,0.42,0.37,2021-03-06,2002,N,VIIRS,n,2,292.29,1.26,N,0
21.80447,86.14373,304.74,0.42,0.37,2021-03-06,2002,N,VIIRS,n,2,293.03,1,N,0
21.79092,86.2229,308.45,0.42,0.38,2021-03-06,2002,N,VIIRS,n,2,291.86,1.04,N,0
21.79024,86.22688,300.97,0.42,0.38,2021-03-06,2002,N,VIIRS,n,2,290.66,1.04,N,0
21.78679,86.22625,321.7,0.42,0.38,2021-03-06,2002,N,VIIRS,n,2,292.66,1.04,N,0
21.76542,86.18548,304.54,0.42,0.38,2021-03-06,2002,N,VIIRS,n,2,293.27,0.75,N,0
21.77702,86.0769,305.61,0.41,0.37,2021-03-06,2002,N,VIIRS,n,2,288.28,0.94,N,0
21.77634,86.08088,300.31,0.42,0.37,2021-03-06,2002,N,VIIRS,n,2,287.82,0.42,N,0
21.76201,86.14363,320.99,0.42,0.37,2021-03-06,2002,N,VIIRS,n,2,292.25,1.51,N,0
21.88439,86.1245,320.57,0.42,0.37,2021-03-06,2002,N,VIIRS,n,2,295.11,2.37,N,0
21.88375,86.12827,324.36,0.42,0.37,2021-03-06,2002,N,VIIRS,n,2,295,2.37,N,0
21.88171,86.14012,312.05,0.42,0.37,2021-03-06,2002,N,VIIRS,n,2,292.03,2.46,N,0
21.88034,86.12753,322.6,0.42,0.37,2021-03-06,2002,N,VIIRS,n,2,292.95,1.46,N,0
21.84078,86.35648,331.79,0.42,0.38,2021-03-06,2002,N,VIIRS,n,2,291.95,1.88,N,0
21.83935,86.36471,323.32,0.42,0.38,2021-03-06,2002,N,VIIRS,n,2,290.12,1.35,N,0
21.88098,86.12376,314.98,0.42,0.37,2021-03-06,2002,N,VIIRS,n,2,294.32,1.46,N,0
21.87967,86.13142,315.54,0.42,0.37,2021-03-06,2002,N,VIIRS,n,2,291.81,1.27,N,0
21.87899,86.13539,305.95,0.42,0.37,2021-03-06,2002,N,VIIRS,n,2,291.72,1.27,N,0
21.84709,86.32011,304.94,0.42,0.38,2021-03-06,2002,N,VIIRS,n,2,289.49,1.02,N,0
21.84364,86.34004,299.68,0.42,0.38,2021-03-06,2002,N,VIIRS,n,2,289.63,0.84,N,0
21.84007,86.36059,307,0.42,0.38,2021-03-06,2002,N,VIIRS,n,2,289.44,1.88,N,0
21.83734,86.35579,324.64,0.42,0.38,2021-03-06,2002,N,VIIRS,n,2,290.61,1.88,N,0
21.89244,86.03642,300.72,0.41,0.37,2021-03-06,2002,N,VIIRS,n,2,286.73,0.85,N,0
21.87821,86.11929,311.17,0.42,0.37,2021-03-06,2002,N,VIIRS,n,2,294.06,2.11,N,0
21.87757,86.12308,310.7,0.42,0.37,2021-03-06,2002,N,VIIRS,n,2,294.59,1.46,N,0
21.87692,86.12685,310.92,0.42,0.37,2021-03-06,2002,N,VIIRS,n,2,291.42,1.46,N,0
21.85676,86.24363,296.4,0.42,0.38,2021-03-06,2002,N,VIIRS,n,2,285.36,0.36,N,0
21.83877,86.34756,302.43,0.42,0.38,2021-03-06,2002,N,VIIRS,n,2,290.29,0.88,N,0
21.83662,86.3599,305.07,0.42,0.38,2021-03-06,2002,N,VIIRS,n,2,289.5,1.88,N,0
21.83591,86.36403,301.39,0.42,0.38,2021-03-06,2002,N,VIIRS,n,2,287.94,1.35,N,0
21.80444,86.12321,307.97,0.42,0.37,2021-03-06,2002,N,VIIRS,n,2,291.26,1.13,N,0
21.80377,86.12712,302.54,0.42,0.37,2021-03-06,2002,N,VIIRS,n,2,291.92,1.04,N,0
21.80171,86.13918,312.62,0.42,0.37,2021-03-06,2002,N,VIIRS,n,2,290.83,1.26,N,0
21.80102,86.1432,308.94,0.42,0.37,2021-03-06,2002,N,VIIRS,n,2,291.55,1,N,0
21.78747,86.22232,311.7,0.42,0.38,2021-03-06,2002,N,VIIRS,n,2,293.54,1.04,N,0
21.75464,86.41297,307.18,0.43,0.38,2021-03-06,2002,N,VIIRS,n,2,291.72,0.9,N,0
21.80032,86.12659,316.29,0.42,0.37,2021-03-06,2002,N,VIIRS,n,2,290.42,2.07,N,0
21.79895,86.13461,305.62,0.42,0.37,2021-03-06,2002,N,VIIRS,n,2,288.32,1.15,N,0
21.79757,86.14268,298.49,0.42,0.37,2021-03-06,2002,N,VIIRS,n,2,287.45,0.41,N,0
21.78534,86.21402,308.45,0.42,0.38,2021-03-06,2002,N,VIIRS,n,2,292.13,0.88,N,0
21.78468,86.2179,309.17,0.42,0.38,2021-03-06,2002,N,VIIRS,n,2,293.04,0.88,N,0
21.75117,86.41231,309.03,0.43,0.38,2021-03-06,2002,N,VIIRS,n,2,292.04,1.48,N,0
21.74426,86.41095,301.95,0.43,0.38,2021-03-06,2002,N,VIIRS,n,2,288.66,1.16,N,0
21.78252,86.1685,312.86,0.42,0.37,2021-03-06,2002,N,VIIRS,n,2,291.87,1.51,N,0
21.77777,86.19617,304.23,0.42,0.38,2021-03-06,2002,N,VIIRS,n,2,293.05,0.85,N,0
21.71323,86.12318,304.21,0.42,0.37,2021-03-06,2002,N,VIIRS,n,2,289.97,0.67,N,0
21.89184,86.12222,319.42,0.42,0.37,2021-03-06,2002,N,VIIRS,n,2,293.83,2.01,N,0
21.69829,86.14849,316.96,0.42,0.38,2021-03-06,2002,N,VIIRS,n,2,294.8,2.48,N,0
21.69631,86.16011,308.59,0.42,0.38,2021-03-06,2002,N,VIIRS,n,2,292.13,1.94,N,0
21.69563,86.16407,314.82,0.42,0.38,2021-03-06,2002,N,VIIRS,n,2,292.96,1.81,N,0
21.71379,86.03694,313.12,0.41,0.37,2021-03-06,2002,N,VIIRS,n,2,288.73,1.46,N,0
21.9254,86.17412,306.88,0.42,0.37,2021-03-06,2002,N,VIIRS,n,2,289.27,1.06,N,0
21.69483,86.14799,305.54,0.42,0.38,2021-03-06,2002,N,VIIRS,n,2,294.08,1.32,N,0
21.69217,86.1636,305.69,0.42,0.38,2021-03-06,2002,N,VIIRS,n,2,292.68,1.06,N,0
21.92125,86.17773,305.31,0.42,0.37,2021-03-06,2002,N,VIIRS,n,2,287.6,0.65,N,0
21.91849,86.17316,300.07,0.42,0.37,2021-03-06,2002,N,VIIRS,n,2,287.48,0.65,N,0
21.90563,86.22768,314.76,0.42,0.38,2021-03-06,2002,N,VIIRS,n,2,292.27,1.61,N,0
21.90496,86.23161,319.24,0.42,0.38,2021-03-06,2002,N,VIIRS,n,2,291.95,1.61,N,0
21.90428,86.2149,304.41,0.42,0.38,2021-03-06,2002,N,VIIRS,n,2,292.1,0.81,N,0
21.92748,86.18268,310.67,0.42,0.37,2021-03-06,2002,N,VIIRS,n,2,292.61,1.04,N,0
21.92679,86.18676,301.28,0.42,0.37,2021-03-06,2002,N,VIIRS,n,2,289.88,1.04,N,0
21.92609,86.19083,302.52,0.42,0.37,2021-03-06,2002,N,VIIRS,n,2,289.42,0.64,N,0
21.92405,86.20285,301.88,0.42,0.37,2021-03-06,2002,N,VIIRS,n,2,290.45,0.62,N,0
21.90357,86.21902,304.39,0.42,0.38,2021-03-06,2002,N,VIIRS,n,2,291.97,0.81,N,0
21.90082,86.21438,307.38,0.42,0.38,2021-03-06,2002,N,VIIRS,n,2,291.73,0.88,N,0
21.90073,86.17352,310.78,0.42,0.37,2021-03-06,2002,N,VIIRS,n,2,289.97,1.64,N,0
21.71259,86.12699,307.54,0.42,0.37,2021-03-06,2002,N,VIIRS,n,2,295.02,1.28,N,0
21.88925,86.13739,309.6,0.42,0.37,2021-03-06,2002,N,VIIRS,n,2,292.49,2.03,N,0
21.88855,86.14145,308.14,0.42,0.37,2021-03-06,2002,N,VIIRS,n,2,292.1,1.06,N,0
21.88784,86.14561,302,0.42,0.37,2021-03-06,2002,N,VIIRS,n,2,290.36,1.06,N,0
21.88371,86.1696,308.01,0.42,0.37,2021-03-06,2002,N,VIIRS,n,2,292.71,2.6,N,0
21.88844,86.12147,306.18,0.42,0.37,2021-03-06,2002,N,VIIRS,n,2,293.85,2.13,N,0
21.8865,86.13281,306.46,0.42,0.37,2021-03-06,2002,N,VIIRS,n,2,291.92,1.06,N,0
21.88584,86.13667,301.51,0.42,0.37,2021-03-06,2002,N,VIIRS,n,2,290.84,1.06,N,0
21.8837,86.14907,303.93,0.42,0.37,2021-03-06,2002,N,VIIRS,n,2,292.2,1.03,N,0
21.87959,86.173,312.71,0.42,0.37,2021-03-06,2002,N,VIIRS,n,2,293.09,1.66,N,0
21.86778,86.24149,298.78,0.42,0.38,2021-03-06,2002,N,VIIRS,n,2,285.94,0.53,N,0
21.97842,86.22363,335.6,0.43,0.38,2021-03-07,0715,N,VIIRS,l,2,306.01,4.22,D,0
21.70543,86.10883,348.66,0.44,0.38,2021-03-07,0715,N,VIIRS,n,2,312.15,5.3,D,0
21.83504,86.38607,331.09,0.43,0.38,2021-03-07,0715,N,VIIRS,l,2,302.78,2.63,D,0
21.83645,86.37299,336.94,0.43,0.38,2021-03-07,0715,N,VIIRS,n,2,304.3,3.4,D,0
21.83577,86.36893,340.84,0.43,0.38,2021-03-07,0715,N,VIIRS,n,2,305.06,3.4,D,0
21.83924,86.36828,336.38,0.43,0.38,2021-03-07,0715,N,VIIRS,n,2,305.74,3.74,D,0
21.79956,86.12998,334.45,0.44,0.38,2021-03-07,0715,N,VIIRS,l,2,308.15,2.71,D,0
21.81078,86.17554,333.97,0.44,0.38,2021-03-07,0715,N,VIIRS,n,2,304.2,1.49,D,0
21.80379,86.13371,337.92,0.44,0.38,2021-03-07,0715,N,VIIRS,n,2,306.92,4.66,D,0
21.80309,86.1295,337.75,0.44,0.38,2021-03-07,0715,N,VIIRS,n,2,308.09,2.71,D,0
21.80661,86.12895,346.37,0.44,0.38,2021-03-07,0715,N,VIIRS,n,2,309.05,8.23,D,0
21.80588,86.12458,343.39,0.44,0.38,2021-03-07,0715,N,VIIRS,n,2,308.84,8.23,D,0
21.82148,86.19661,337.34,0.43,0.38,2021-03-07,0715,N,VIIRS,n,2,306.16,4.66,D,0
21.82508,86.0867,338.39,0.44,0.38,2021-03-07,0715,N,VIIRS,l,2,309.35,4.54,D,0
21.82435,86.08241,339.85,0.44,0.38,2021-03-07,0715,N,VIIRS,n,2,308.3,3.38,D,0
21.8824,86.36076,342.46,0.43,0.38,2021-03-07,0715,N,VIIRS,n,2,305.73,9.75,D,0
21.88031,86.34837,338.12,0.43,0.38,2021-03-07,0715,N,VIIRS,n,2,304.09,3.42,D,0
21.87474,86.31534,337.75,0.43,0.38,2021-03-07,0715,N,VIIRS,n,2,304.41,4.25,D,0
21.87404,86.3112,336.64,0.43,0.38,2021-03-07,0715,N,VIIRS,n,2,302.59,4.25,D,0
21.87333,86.30701,331.47,0.43,0.38,2021-03-07,0715,N,VIIRS,n,2,303.16,1.82,D,0
21.86842,86.27794,342.87,0.43,0.38,2021-03-07,0715,N,VIIRS,n,2,305.95,9.56,D,0
21.85009,86.1698,343.79,0.43,0.38,2021-03-07,0715,N,VIIRS,n,2,306.94,8.65,D,0
21.82765,86.03798,338.23,0.44,0.38,2021-03-07,0715,N,VIIRS,n,2,310.92,1.48,D,0
21.88447,86.3518,332.49,0.43,0.38,2021-03-07,0715,N,VIIRS,l,2,302.52,4.6,D,0
21.88377,86.34766,337.51,0.43,0.38,2021-03-07,0715,N,VIIRS,n,2,304.21,3.42,D,0
21.87193,86.27744,346.88,0.43,0.38,2021-03-07,0715,N,VIIRS,n,2,307.01,9.56,D,0
21.85217,86.16077,343.98,0.44,0.38,2021-03-07,0715,N,VIIRS,n,2,306.88,7.53,D,0
21.88863,86.35523,331.97,0.43,0.38,2021-03-07,0715,N,VIIRS,n,2,301.87,2.91,D,0
21.88723,86.34694,331.91,0.43,0.38,2021-03-07,0715,N,VIIRS,n,2,303.18,1.91,D,0
21.90172,86.15493,338.88,0.43,0.38,2021-03-07,0715,N,VIIRS,n,2,305.78,4.31,D,0
21.90094,86.12867,346.62,0.44,0.38,2021-03-07,0715,N,VIIRS,n,2,309.07,6,D,0
21.90298,86.11926,337.74,0.44,0.38,2021-03-07,0715,N,VIIRS,l,2,309.71,4.37,D,0
21.92048,86.1808,341.74,0.43,0.38,2021-03-07,0715,N,VIIRS,n,2,309.88,5.39,D,0
21.89373,86.02079,349.46,0.44,0.38,2021-03-07,0715,N,VIIRS,n,2,315.16,11.91,D,0
21.89302,86.01655,348.76,0.44,0.38,2021-03-07,0715,N,VIIRS,n,2,315.88,8.85,D,0
21.94683,86.31766,333.18,0.43,0.38,2021-03-07,0715,N,VIIRS,l,2,305.75,2.37,D,0
21.92612,86.19302,343.19,0.43,0.38,2021-03-07,0715,N,VIIRS,n,2,307.21,4.03,D,0
21.92542,86.18881,334.12,0.43,0.38,2021-03-07,0715,N,VIIRS,l,2,307.31,4.03,D,0
21.92472,86.18461,337.87,0.43,0.38,2021-03-07,0715,N,VIIRS,n,2,307.26,4.01,D,0
21.92402,86.1804,342.21,0.43,0.38,2021-03-07,0715,N,VIIRS,n,2,309.35,4.01,D,0
21.89724,86.0201,337.36,0.44,0.38,2021-03-07,0715,N,VIIRS,l,2,310.53,2.26,D,0
21.95031,86.31704,332.06,0.43,0.38,2021-03-07,0715,N,VIIRS,l,2,304.83,2.37,D,0
21.93238,86.20902,338.2,0.43,0.38,2021-03-07,0715,N,VIIRS,n,2,303.41,2.77,D,0
21.94784,86.3186,333.95,0.43,0.38,2021-03-07,0715,N,VIIRS,l,2,305.93,5.82,D,0
21.92661,86.19418,349.71,0.43,0.38,2021-03-07,0715,N,VIIRS,n,2,307.3,10.06,D,0
21.92446,86.18158,346.33,0.43,0.38,2021-03-07,0715,N,VIIRS,n,2,308.89,7.55,D,0
21.89623,86.0173,351.13,0.44,0.38,2021-03-07,0715,N,VIIRS,n,2,314.77,6.67,D,0
21.93293,86.2101,335.2,0.43,0.38,2021-03-07,0715,N,VIIRS,n,2,303.08,2.72,D,0
21.9301,86.17235,347.03,0.43,0.38,2021-03-07,0715,N,VIIRS,n,2,310.2,7.22,D,0
21.92935,86.16801,345.63,0.43,0.38,2021-03-07,0715,N,VIIRS,n,2,309.93,5.44,D,0
21.97132,86.39378,345.57,0.43,0.38,2021-03-07,0715,N,VIIRS,n,2,311.47,14.39,D,0
21.95901,86.32101,333.11,0.43,0.38,2021-03-07,0715,N,VIIRS,l,2,306.36,6.29,D,0
21.95832,86.31695,339.55,0.43,0.38,2021-03-07,0715,N,VIIRS,n,2,307.43,5.01,D,0
21.93361,86.17181,352.33,0.43,0.38,2021-03-07,0715,N,VIIRS,n,2,308.15,7.22,D,0
21.97698,86.4061,332.52,0.43,0.38,2021-03-07,0715,N,VIIRS,l,2,304.43,6.04,D,0
21.97626,86.40183,343.75,0.43,0.38,2021-03-07,0715,N,VIIRS,n,2,308.49,6.04,D,0
21.97478,86.39314,348.07,0.43,0.38,2021-03-07,0715,N,VIIRS,n,2,310.81,24.81,D,0
21.94195,86.19962,334.04,0.43,0.38,2021-03-07,0715,N,VIIRS,l,2,304.84,2.14,D,0
21.93784,86.17545,352.08,0.43,0.38,2021-03-07,0715,N,VIIRS,n,2,308.16,12.98,D,0
21.91679,86.05249,348.27,0.44,0.38,2021-03-07,0715,N,VIIRS,n,2,317.22,9.63,D,0
21.93757,86.15282,340.23,0.43,0.38,2021-03-07,0715,N,VIIRS,n,2,309.55,4.29,D,0
21.94821,86.19407,333.99,0.43,0.38,2021-03-07,0715,N,VIIRS,l,2,306,1.84,D,0
21.99354,86.37714,332.81,0.43,0.38,2021-03-07,0715,N,VIIRS,l,2,304.73,3.58,D,0
21.97562,86.22831,331.98,0.43,0.38,2021-03-07,0715,N,VIIRS,l,2,304.82,4.22,D,0
21.97492,86.22417,343.48,0.43,0.38,2021-03-07,0715,N,VIIRS,n,2,306.4,4.22,D,0
21.97475,86.20193,338.51,0.43,0.38,2021-03-07,0715,N,VIIRS,n,2,307.55,3.89,D,0
21.98189,86.22289,331.05,0.43,0.38,2021-03-07,0715,N,VIIRS,l,2,304.88,3.46,D,0
21.95332,86.05412,346.84,0.44,0.38,2021-03-07,0715,N,VIIRS,n,2,311.09,13.96,D,0
21.95683,86.05341,353.73,0.44,0.38,2021-03-07,0715,N,VIIRS,n,2,313.49,13.96,D,0
21.99149,86.19444,342.7,0.43,0.38,2021-03-07,0715,N,VIIRS,n,2,307,7.48,D,0
21.99077,86.19014,344.84,0.43,0.38,2021-03-07,0715,N,VIIRS,n,2,311.1,6.48,D,0
21.99781,86.21063,342.27,0.43,0.38,2021-03-07,0715,N,VIIRS,n,2,306.15,3.39,D,0
21.99714,86.20662,349.22,0.43,0.38,2021-03-07,0715,N,VIIRS,n,2,307.22,6.03,D,0
21.99644,86.20247,343.53,0.43,0.38,2021-03-07,0715,N,VIIRS,n,2,307.15,6.03,D,0
21.96442,86.0126,346.33,0.44,0.38,2021-03-07,0715,N,VIIRS,n,2,315.58,3.17,D,0
21.99833,86.10635,339.37,0.44,0.38,2021-03-07,0715,N,VIIRS,l,2,312.28,4.58,D,0
21.78491,86.17197,331.37,0.44,0.38,2021-03-07,0715,N,VIIRS,l,2,304.27,1.42,D,0
21.77701,86.08192,339.5,0.44,0.38,2021-03-07,0715,N,VIIRS,l,2,311.51,5.13,D,0
21.83426,86.4029,333.4,0.43,0.38,2021-03-07,0715,N,VIIRS,n,2,304.52,3.25,D,0
21.91691,86.41733,349.44,0.43,0.38,2021-03-07,0715,N,VIIRS,n,2,305.32,7.66,D,0
21.87099,86.14395,331.68,0.44,0.38,2021-03-07,0715,N,VIIRS,l,2,303.83,2.87,D,0
21.8689,86.13156,331.44,0.44,0.38,2021-03-07,0715,N,VIIRS,l,2,305,1.96,D,0
21.92037,86.41664,333.7,0.43,0.38,2021-03-07,0715,N,VIIRS,n,2,301.02,2.4,D,0
21.90104,86.30109,343.19,0.43,0.38,2021-03-07,0715,N,VIIRS,n,2,305.17,5.65,D,0
21.87241,86.13094,340.91,0.44,0.38,2021-03-07,0715,N,VIIRS,n,2,310.11,5.91,D,0
21.88987,86.14883,331.59,0.44,0.38,2021-03-07,0715,N,VIIRS,l,2,305.24,3.48,D,0
21.88851,86.14079,348.16,0.44,0.38,2021-03-07,0715,N,VIIRS,n,2,308.22,9.07,D,0
21.87839,86.08057,338.36,0.44,0.38,2021-03-07,0715,N,VIIRS,l,2,310.5,4.13,D,0
21.87911,86.08481,367,0.44,0.38,2021-03-07,0715,N,VIIRS,l,2,331,44.2,D,0
21.93423,86.39263,330.98,0.43,0.38,2021-03-07,0715,N,VIIRS,n,2,302.11,1.97,D,0
21.90391,86.21103,335.04,0.43,0.38,2021-03-07,0715,N,VIIRS,n,2,304.08,5.57,D,0
21.90169,86.19775,353.89,0.43,0.38,2021-03-07,0715,N,VIIRS,n,2,310.79,23.79,D,0
21.88261,86.08411,352.36,0.44,0.38,2021-03-07,0715,N,VIIRS,n,2,315.94,44.2,D,0
21.88611,86.0834,367,0.44,0.38,2021-03-07,0715,N,VIIRS,h,2,312.73,18.09,D,0
21.91781,86.27266,331.96,0.43,0.38,2021-03-07,0715,N,VIIRS,l,2,303.06,2.33,D,0
21.81709,86.36429,334.27,0.43,0.38,2021-03-07,0715,N,VIIRS,n,2,303.16,3.53,D,0
21.78142,86.17274,334.85,0.44,0.38,2021-03-07,0715,N,VIIRS,l,2,304.96,2.3,D,0
21.79076,86.22834,338.28,0.43,0.38,2021-03-07,0715,N,VIIRS,n,2,302.7,4.34,D,0
21.81364,86.36502,339.57,0.43,0.38,2021-03-07,0715,N,VIIRS,n,2,305.85,18.44,D,0
21.81433,86.36917,339.49,0.43,0.38,2021-03-07,0715,N,VIIRS,n,2,309.63,18.44,D,0
21.77865,86.1777,335.78,0.44,0.38,2021-03-07,0715,N,VIIRS,n,2,304.25,2.3,D,0
21.78727,86.229,344.44,0.43,0.38,2021-03-07,0715,N,VIIRS,n,2,305.88,4.34,D,0
21.80948,86.36155,330.88,0.43,0.38,2021-03-07,0715,N,VIIRS,n,2,303.26,3.04,D,0
21.80662,86.40866,349.25,0.43,0.38,2021-03-07,0715,N,VIIRS,n,2,304.32,9.77,D,0
21.80601,86.36222,367,0.43,0.38,2021-03-07,0715,N,VIIRS,h,2,309.28,12.55,D,0
21.83143,86.27177,341.4,0.43,0.38,2021-03-07,0715,N,VIIRS,n,2,309.54,4.59,D,0
21.8071,86.12965,332.93,0.44,0.38,2021-03-07,0715,N,VIIRS,n,2,306.07,8.01,D,0
21.80635,86.12531,348.28,0.44,0.38,2021-03-07,0715,N,VIIRS,n,2,311.64,8.01,D,0
21.82157,86.19291,331.46,0.43,0.38,2021-03-07,0715,N,VIIRS,l,2,303.09,6.36,D,0
21.82081,86.1885,331.6,0.43,0.38,2021-03-07,0715,N,VIIRS,l,2,303.07,3.1,D,0
21.8243,86.18784,346.24,0.43,0.38,2021-03-07,0715,N,VIIRS,n,2,304.17,7.19,D,0
21.82127,86.17015,341.91,0.43,0.38,2021-03-07,0715,N,VIIRS,n,2,306.23,8.69,D,0
21.81705,86.14545,339.12,0.44,0.38,2021-03-07,0715,N,VIIRS,n,2,304.88,4.2,D,0
21.83697,86.24096,333.56,0.43,0.38,2021-03-07,0715,N,VIIRS,n,2,302.26,2.47,D,0
21.83628,86.23693,333.66,0.43,0.38,2021-03-07,0715,N,VIIRS,n,2,302.74,3.01,D,0
21.86085,86.36037,339.69,0.43,0.38,2021-03-07,0715,N,VIIRS,n,2,305.77,2.6,D,0
21.8216,86.08749,333.41,0.44,0.38,2021-03-07,0715,N,VIIRS,l,2,307.98,4.54,D,0
21.84774,86.1134,334.85,0.44,0.38,2021-03-07,0715,N,VIIRS,l,2,307.46,3.79,D,0
21.84699,86.10896,343.53,0.44,0.38,2021-03-07,0715,N,VIIRS,n,2,308.27,3.79,D,0
21.85622,86.12074,339.69,0.44,0.38,2021-03-07,0715,N,VIIRS,n,2,305.52,3.14,D,0
21.85251,86.09885,341.56,0.44,0.38,2021-03-07,0715,N,VIIRS,n,2,310.59,4.22,D,0
21.8453,86.0564,348.34,0.44,0.38,2021-03-07,0715,N,VIIRS,n,2,313.3,5.91,D,0
21.88085,86.24509,332.39,0.43,0.38,2021-03-07,0715,N,VIIRS,l,2,306.83,3.54,D,0
21.79628,86.3683,330.39,0.43,0.38,2021-03-07,0715,N,VIIRS,n,2,303.05,3.65,D,0
21.74789,86.14536,332.94,0.44,0.38,2021-03-07,0715,N,VIIRS,n,2,303.7,2.53,D,0
21.71846,86.03644,337.45,0.44,0.38,2021-03-07,0715,N,VIIRS,l,2,310.99,3.68,D,0
21.71567,86.04139,345.7,0.44,0.38,2021-03-07,0715,N,VIIRS,n,2,309.76,8.16,D,0
21.8086,86.3603,304.99,0.42,0.38,2021-03-07,1943,N,VIIRS,n,2,290.75,1.21,N,0
21.97667,86.37228,316.31,0.42,0.38,2021-03-07,1943,N,VIIRS,n,2,294.89,1.16,N,0
21.99565,86.21121,306.39,0.43,0.38,2021-03-07,1943,N,VIIRS,n,2,292.74,1.62,N,0
21.97268,86.37538,304.42,0.42,0.38,2021-03-07,1943,N,VIIRS,n,2,293.41,1.16,N,0
21.96923,86.39999,304.5,0.42,0.38,2021-03-07,1943,N,VIIRS,n,2,292.96,0.86,N,0
21.99216,86.21072,307.54,0.43,0.38,2021-03-07,1943,N,VIIRS,n,2,292.99,1.44,N,0
21.96923,86.37474,306.77,0.42,0.38,2021-03-07,1943,N,VIIRS,n,2,293.27,0.74,N,0
21.96964,86.34674,307.86,0.42,0.38,2021-03-07,1943,N,VIIRS,n,2,293,1.13,N,0
21.96576,86.37418,303.68,0.42,0.38,2021-03-07,1943,N,VIIRS,n,2,292.16,0.74,N,0
21.97135,86.34759,309.42,0.42,0.38,2021-03-07,1943,N,VIIRS,n,2,293.18,1.24,N,0
21.96741,86.37497,309.02,0.42,0.38,2021-03-07,1943,N,VIIRS,n,2,292.1,0.77,N,0
21.98687,86.21494,307.93,0.43,0.38,2021-03-07,1943,N,VIIRS,n,2,294.25,0.81,N,0
21.98627,86.21918,307.38,0.43,0.38,2021-03-07,1943,N,VIIRS,n,2,294.54,0.81,N,0
21.98508,86.22748,305.61,0.43,0.38,2021-03-07,1943,N,VIIRS,n,2,294.24,1.39,N,0
21.96449,86.37063,304.19,0.42,0.38,2021-03-07,1943,N,VIIRS,n,2,292.49,0.77,N,0
21.984,86.21016,310.76,0.43,0.38,2021-03-07,1943,N,VIIRS,n,2,294.36,1.92,N,0
21.98338,86.21445,308.35,0.43,0.38,2021-03-07,1943,N,VIIRS,n,2,294.67,2.01,N,0
21.98097,86.23122,310.78,0.43,0.38,2021-03-07,1943,N,VIIRS,n,2,293.38,1.09,N,0
21.98416,86.18414,303.31,0.43,0.38,2021-03-07,1943,N,VIIRS,n,2,292.78,0.78,N,0
21.97749,86.23067,317.83,0.43,0.38,2021-03-07,1943,N,VIIRS,n,2,293.75,1.09,N,0
21.96391,86.32529,315.42,0.42,0.38,2021-03-07,1943,N,VIIRS,n,2,293.07,1.7,N,0
21.96334,86.32931,303.24,0.42,0.38,2021-03-07,1943,N,VIIRS,n,2,292.13,0.94,N,0
21.93003,86.16287,333.09,0.43,0.38,2021-03-07,1943,N,VIIRS,n,2,296.79,1.87,N,0
21.93125,86.15415,309.73,0.43,0.38,2021-03-07,1943,N,VIIRS,n,2,293.18,2.36,N,0
21.92358,86.20876,311.56,0.43,0.38,2021-03-07,1943,N,VIIRS,n,2,293.89,1.35,N,0
21.91478,86.27119,305.39,0.43,0.38,2021-03-07,1943,N,VIIRS,n,2,292.43,1.09,N,0
21.9142,86.27525,306.5,0.43,0.38,2021-03-07,1943,N,VIIRS,n,2,293.04,1.09,N,0
21.91364,86.27926,303.84,0.43,0.38,2021-03-07,1943,N,VIIRS,n,2,292.66,1.31,N,0
21.90431,86.34519,317.11,0.42,0.38,2021-03-07,1943,N,VIIRS,n,2,291.16,1.05,N,0
21.92656,86.16212,326.31,0.43,0.38,2021-03-07,1943,N,VIIRS,n,2,295.69,2.22,N,0
21.92597,86.16638,329.37,0.43,0.38,2021-03-07,1943,N,VIIRS,n,2,295.88,2.22,N,0
21.92537,86.1706,304.35,0.43,0.38,2021-03-07,1943,N,VIIRS,n,2,292.78,0.83,N,0
21.90144,86.34043,302.84,0.42,0.38,2021-03-07,1943,N,VIIRS,n,2,291.66,0.7,N,0
21.92251,86.16556,302.02,0.43,0.38,2021-03-07,1943,N,VIIRS,n,2,291.55,2.22,N,0
21.92193,86.16971,308.85,0.43,0.38,2021-03-07,1943,N,VIIRS,n,2,290.3,0.83,N,0
21.90961,86.23213,313.29,0.43,0.38,2021-03-07,1943,N,VIIRS,n,2,293.23,1.53,N,0
21.88532,86.40417,304.03,0.42,0.38,2021-03-07,1943,N,VIIRS,n,2,288.59,1.11,N,0
21.82541,86.31696,304.81,0.42,0.38,2021-03-07,1943,N,VIIRS,n,2,291.82,1.03,N,0
21.82309,86.33324,307.28,0.42,0.38,2021-03-07,1943,N,VIIRS,n,2,290.94,1,N,0
21.8184,86.36604,304.31,0.42,0.38,2021-03-07,1943,N,VIIRS,n,2,290.83,1.37,N,0
21.84128,86.18037,320.91,0.43,0.38,2021-03-07,1943,N,VIIRS,n,2,293.78,1.29,N,0
21.83947,86.19315,326.72,0.43,0.38,2021-03-07,1943,N,VIIRS,n,2,294.03,5.53,N,0
21.84187,86.17619,302.37,0.43,0.38,2021-03-07,1943,N,VIIRS,n,2,291.36,1.29,N,0
21.84006,86.18902,311.13,0.43,0.38,2021-03-07,1943,N,VIIRS,n,2,292.81,2.7,N,0
21.82312,86.30814,304.06,0.42,0.38,2021-03-07,1943,N,VIIRS,n,2,291.75,1.95,N,0
21.82196,86.31633,306.32,0.42,0.38,2021-03-07,1943,N,VIIRS,n,2,291.79,1.03,N,0
21.8132,86.37765,304.02,0.42,0.38,2021-03-07,1943,N,VIIRS,n,2,291.97,1.82,N,0
21.83898,86.17146,308.08,0.43,0.38,2021-03-07,1943,N,VIIRS,n,2,293.23,1.04,N,0
21.83599,86.1926,317.5,0.43,0.38,2021-03-07,1943,N,VIIRS,n,2,293.78,1.26,N,0
21.81265,86.35674,309.51,0.42,0.38,2021-03-07,1943,N,VIIRS,n,2,288.82,1.21,N,0
21.81206,86.36087,318.89,0.42,0.38,2021-03-07,1943,N,VIIRS,n,2,291.56,1.21,N,0
21.81147,86.36497,302.68,0.42,0.38,2021-03-07,1943,N,VIIRS,n,2,291.29,0.97,N,0
21.80975,86.37702,306.58,0.42,0.38,2021-03-07,1943,N,VIIRS,n,2,292.16,1.54,N,0
21.80919,86.38099,310.58,0.42,0.38,2021-03-07,1943,N,VIIRS,n,2,290.99,0.51,N,0
21.83492,86.17493,320.39,0.43,0.38,2021-03-07,1943,N,VIIRS,n,2,291.96,1.69,N,0
21.84377,86.11224,318.81,0.43,0.38,2021-03-07,1943,N,VIIRS,n,2,294.42,2.59,N,0
21.8355,86.17078,306.9,0.43,0.38,2021-03-07,1943,N,VIIRS,n,2,293.08,1.04,N,0
21.83433,86.17914,310.39,0.43,0.38,2021-03-07,1943,N,VIIRS,n,2,292.36,1.69,N,0
21.83371,86.18349,316.74,0.43,0.38,2021-03-07,1943,N,VIIRS,n,2,293.64,1.41,N,0
21.83309,86.18786,304.91,0.43,0.38,2021-03-07,1943,N,VIIRS,n,2,293.08,1.41,N,0
21.8325,86.19205,312.78,0.43,0.38,2021-03-07,1943,N,VIIRS,n,2,292.78,1.26,N,0
21.83191,86.19621,312.2,0.43,0.38,2021-03-07,1943,N,VIIRS,n,2,293.22,1.26,N,0
21.80978,86.35204,303.36,0.42,0.38,2021-03-07,1943,N,VIIRS,n,2,291.43,0.79,N,0
21.77879,86.08549,308.55,0.43,0.38,2021-03-07,1943,N,VIIRS,n,2,290.96,1.05,N,0
21.77518,86.11077,305.58,0.43,0.38,2021-03-07,1943,N,VIIRS,n,2,293.21,0.9,N,0
21.74668,86.30949,302.57,0.42,0.38,2021-03-07,1943,N,VIIRS,n,2,288.55,0.6,N,0
21.77166,86.1104,305.02,0.43,0.38,2021-03-07,1943,N,VIIRS,n,2,293.25,0.9,N,0
21.75818,86.15482,306.67,0.43,0.38,2021-03-07,1943,N,VIIRS,n,2,292.64,1.76,N,0
21.75467,86.1544,303.11,0.43,0.38,2021-03-07,1943,N,VIIRS,n,2,291.27,0.7,N,0
21.75409,86.15848,304.36,0.43,0.38,2021-03-07,1943,N,VIIRS,n,2,291.68,0.7,N,0
21.77733,86.17057,304.4,0.43,0.38,2021-03-07,1943,N,VIIRS,n,2,292.78,1.21,N,0
21.77323,86.17426,303.89,0.43,0.38,2021-03-07,1943,N,VIIRS,n,2,292.63,1.46,N,0
21.76673,86.19474,310.18,0.43,0.38,2021-03-07,1943,N,VIIRS,n,2,291.29,2.02,N,0
21.74953,86.31432,313.06,0.42,0.38,2021-03-07,1943,N,VIIRS,n,2,292.43,2.18,N,0
21.717,86.0413,308.09,0.43,0.38,2021-03-07,1943,N,VIIRS,n,2,289.52,1.21,N,0
21.71642,86.04549,301.03,0.43,0.38,2021-03-07,1943,N,VIIRS,n,2,290.5,0.41,N,0
21.74032,86.07927,307.1,0.43,0.38,2021-03-07,1943,N,VIIRS,n,2,291.21,0.97,N,0
21.99819,86.39548,317.62,0.42,0.38,2021-03-07,1943,N,VIIRS,n,2,292.81,1.47,N,0
21.99471,86.39502,322.84,0.42,0.38,2021-03-07,1943,N,VIIRS,n,2,294.1,2.4,N,0
21.99754,86.37511,305.64,0.42,0.38,2021-03-07,1943,N,VIIRS,n,2,295.27,1.5,N,0
21.99182,86.39044,324.27,0.42,0.38,2021-03-07,1943,N,VIIRS,n,2,293.89,2.4,N,0
21.99057,86.37428,306.66,0.42,0.38,2021-03-07,1943,N,VIIRS,n,2,295.21,1.22,N,0
21.99,86.3783,316.85,0.42,0.38,2021-03-07,1943,N,VIIRS,n,2,295.64,1.22,N,0
21.98945,86.38213,306.7,0.42,0.38,2021-03-07,1943,N,VIIRS,n,2,295.07,1.3,N,0
21.98891,86.3859,313.29,0.42,0.38,2021-03-07,1943,N,VIIRS,n,2,293.84,1.3,N,0
21.98835,86.3899,311.69,0.42,0.38,2021-03-07,1943,N,VIIRS,n,2,293.12,1.34,N,0
21.97555,86.40546,304.33,0.42,0.38,2021-03-07,1943,N,VIIRS,n,2,291.14,0.34,N,0
21.9056,86.13317,311.03,0.43,0.38,2021-03-07,1943,N,VIIRS,n,2,292.26,0.76,N,0
21.905,86.13753,304.73,0.43,0.38,2021-03-07,1943,N,VIIRS,n,2,293.15,0.76,N,0
21.90321,86.15042,311.28,0.43,0.38,2021-03-07,1943,N,VIIRS,n,2,294.07,1.41,N,0
21.90265,86.15445,304.05,0.43,0.38,2021-03-07,1943,N,VIIRS,n,2,293.73,1.41,N,0
21.90209,86.15841,316.1,0.43,0.38,2021-03-07,1943,N,VIIRS,n,2,294.33,1.1,N,0
21.90154,86.16237,300.91,0.43,0.38,2021-03-07,1943,N,VIIRS,n,2,290.36,1.1,N,0
21.89692,86.19547,309.17,0.43,0.38,2021-03-07,1943,N,VIIRS,n,2,289.94,0.98,N,0
21.89633,86.19972,301.96,0.43,0.38,2021-03-07,1943,N,VIIRS,n,2,289.64,1.14,N,0
21.87659,86.31539,305.62,0.42,0.38,2021-03-07,1943,N,VIIRS,n,2,291.33,1.53,N,0
21.87428,86.30659,302.59,0.42,0.38,2021-03-07,1943,N,VIIRS,n,2,290.65,1.79,N,0
21.88927,86.17365,305.9,0.43,0.38,2021-03-07,1943,N,VIIRS,n,2,292.9,1.15,N,0
21.8754,86.2732,307.01,0.43,0.38,2021-03-07,1943,N,VIIRS,n,2,291.78,1.73,N,0
21.87424,86.28153,315.14,0.43,0.38,2021-03-07,1943,N,VIIRS,n,2,291.93,1.98,N,0
21.88898,86.17109,303.92,0.43,0.38,2021-03-07,1943,N,VIIRS,n,2,293.26,1.65,N,0
21.87291,86.28281,305.03,0.42,0.38,2021-03-07,1943,N,VIIRS,n,2,291.58,1.46,N,0
21.8879,86.1537,309.33,0.43,0.38,2021-03-07,1943,N,VIIRS,n,2,293.12,0.95,N,0
21.87787,86.22368,298.32,0.43,0.38,2021-03-07,1943,N,VIIRS,n,2,287.3,0.74,N,0
21.87242,86.26151,302.15,0.43,0.38,2021-03-07,1943,N,VIIRS,n,2,291.82,1.26,N,0
21.88442,86.15311,314.28,0.43,0.38,2021-03-07,1943,N,VIIRS,n,2,293.05,1.31,N,0
21.86959,86.25653,300.85,0.43,0.38,2021-03-07,1943,N,VIIRS,n,2,290.11,1.27,N,0
21.85944,86.32697,304.81,0.42,0.38,2021-03-07,1943,N,VIIRS,n,2,291.1,0.9,N,0
21.8571,86.34319,300.16,0.42,0.38,2021-03-07,1943,N,VIIRS,n,2,289.83,0.62,N,0
21.87275,86.13477,310.6,0.43,0.38,2021-03-07,1943,N,VIIRS,n,2,291.44,0.87,N,0
21.86926,86.13416,301.98,0.43,0.38,2021-03-07,1943,N,VIIRS,n,2,289.39,0.87,N,0
21.86456,86.16714,306.06,0.43,0.38,2021-03-07,1943,N,VIIRS,n,2,292.78,1.05,N,0
21.84748,86.28677,308.75,0.42,0.38,2021-03-07,1943,N,VIIRS,n,2,291.22,1.35,N,0
21.80223,86.40488,312.99,0.42,0.38,2021-03-07,1943,N,VIIRS,n,2,291.42,1.32,N,0
21.80166,86.4089,315.09,0.42,0.38,2021-03-07,1943,N,VIIRS,n,2,292.06,1.32,N,0
21.84029,86.11156,304.67,0.43,0.38,2021-03-07,1943,N,VIIRS,n,2,291.91,1.01,N,0
21.83969,86.11581,313.26,0.43,0.38,2021-03-07,1943,N,VIIRS,n,2,293.76,2.07,N,0
21.83203,86.17013,305.91,0.43,0.38,2021-03-07,1943,N,VIIRS,n,2,292.69,1.49,N,0
21.83024,86.18283,306.27,0.43,0.38,2021-03-07,1943,N,VIIRS,n,2,293.29,2,N,0
21.82902,86.19147,316.56,0.43,0.38,2021-03-07,1943,N,VIIRS,n,2,293.13,1.68,N,0
21.82842,86.19572,315.46,0.43,0.38,2021-03-07,1943,N,VIIRS,n,2,293.21,1.68,N,0
21.82727,86.20382,302.56,0.43,0.38,2021-03-07,1943,N,VIIRS,n,2,292.01,1.31,N,0
21.81334,86.3021,304.1,0.42,0.38,2021-03-07,1943,N,VIIRS,n,2,290.47,1.19,N,0
21.80514,86.35972,302.56,0.42,0.38,2021-03-07,1943,N,VIIRS,n,2,291.89,0.75,N,0
21.80399,86.36778,316.14,0.42,0.38,2021-03-07,1943,N,VIIRS,n,2,290.63,1.11,N,0
21.82379,86.20326,325.57,0.43,0.38,2021-03-07,1943,N,VIIRS,n,2,293.83,1.31,N,0
21.8368,86.11093,312.46,0.43,0.38,2021-03-07,1943,N,VIIRS,n,2,291.32,1.01,N,0
21.82969,86.16144,304.74,0.43,0.38,2021-03-07,1943,N,VIIRS,n,2,293.59,0.9,N,0
21.82856,86.16945,309.66,0.43,0.38,2021-03-07,1943,N,VIIRS,n,2,293.92,1.49,N,0
21.82798,86.17358,307.28,0.43,0.38,2021-03-07,1943,N,VIIRS,n,2,291.58,0.96,N,0
21.82436,86.19924,312.14,0.43,0.38,2021-03-07,1943,N,VIIRS,n,2,292.36,1.31,N,0
21.80168,86.35915,302.36,0.42,0.38,2021-03-07,1943,N,VIIRS,n,2,291.88,0.75,N,0
21.80053,86.36725,297.47,0.42,0.38,2021-03-07,1943,N,VIIRS,n,2,286.97,1.11,N,0
21.82797,86.14834,303.55,0.43,0.38,2021-03-07,1943,N,VIIRS,n,2,289.46,0.75,N,0
21.82509,86.16875,303.24,0.43,0.38,2021-03-07,1943,N,VIIRS,n,2,293.01,1.63,N,0
21.82451,86.17287,302.79,0.43,0.38,2021-03-07,1943,N,VIIRS,n,2,292.01,0.67,N,0
21.82031,86.20272,311.5,0.43,0.38,2021-03-07,1943,N,VIIRS,n,2,291.73,1.14,N,0
21.79707,86.36671,299.35,0.42,0.38,2021-03-07,1943,N,VIIRS,n,2,288.49,0.3,N,0
21.79726,86.16367,305.47,0.43,0.38,2021-03-07,1943,N,VIIRS,n,2,289.06,0.94,N,0
21.78783,86.23122,311.75,0.43,0.38,2021-03-07,1943,N,VIIRS,n,2,292.85,1.02,N,0
21.79436,86.15891,300.99,0.43,0.38,2021-03-07,1943,N,VIIRS,n,2,290.47,0.94,N,0
21.78436,86.23061,308.87,0.43,0.38,2021-03-07,1943,N,VIIRS,n,2,292.63,1.02,N,0
21.75061,86.1328,307.85,0.43,0.38,2021-03-07,1943,N,VIIRS,n,2,291.99,0.42,N,0
21.74066,86.17773,303.16,0.43,0.38,2021-03-07,1943,N,VIIRS,n,2,292.5,1.31,N,0
21.74381,86.07986,311.08,0.43,0.38,2021-03-07,1943,N,VIIRS,n,2,291.43,0.97,N,0
21.90504,86.16282,311.9,0.43,0.38,2021-03-07,1943,N,VIIRS,n,2,291.01,1.1,N,0
21.99137,86.10849,309.16,0.43,0.38,2021-03-07,1943,N,VIIRS,n,2,290.79,1.06,N,0
21.97403,86.22993,310.68,0.43,0.38,2021-03-07,1943,N,VIIRS,n,2,293.67,1.37,N,0
21.95177,86.38515,310.65,0.42,0.38,2021-03-07,1943,N,VIIRS,n,2,294.76,0.87,N,0
21.95116,86.38933,308.06,0.42,0.38,2021-03-07,1943,N,VIIRS,n,2,293.93,0.87,N,0
21.97115,86.22516,320.26,0.43,0.38,2021-03-07,1943,N,VIIRS,n,2,294.57,1.68,N,0
21.94709,86.39298,321.13,0.42,0.38,2021-03-07,1943,N,VIIRS,n,2,294.86,1.89,N,0
21.94653,86.39692,324.34,0.42,0.38,2021-03-07,1943,N,VIIRS,n,2,294.32,1.89,N,0
21.97173,86.22109,307.63,0.43,0.38,2021-03-07,1943,N,VIIRS,n,2,293.91,1.68,N,0
21.94827,86.38481,310.82,0.42,0.38,2021-03-07,1943,N,VIIRS,n,2,293.38,0.87,N,0
21.94765,86.38908,306.2,0.42,0.38,2021-03-07,1943,N,VIIRS,n,2,293.13,0.87,N,0
21.97071,86.2033,306.14,0.43,0.38,2021-03-07,1943,N,VIIRS,n,2,293.28,1.22,N,0
21.97009,86.20765,310.32,0.43,0.38,2021-03-07,1943,N,VIIRS,n,2,294.54,1.22,N,0
21.96947,86.21197,319.48,0.43,0.38,2021-03-07,1943,N,VIIRS,n,2,294.2,1.92,N,0
21.96887,86.21614,315.47,0.43,0.38,2021-03-07,1943,N,VIIRS,n,2,294.29,1.92,N,0
21.96829,86.22026,317.35,0.43,0.38,2021-03-07,1943,N,VIIRS,n,2,294.35,2.31,N,0
21.94781,86.31383,306.35,0.42,0.38,2021-03-07,1943,N,VIIRS,n,2,291.75,1.31,N,0
21.97447,86.10142,326.85,0.43,0.38,2021-03-07,1943,N,VIIRS,n,2,293.95,1.98,N,0
21.97386,86.10565,308.62,0.43,0.38,2021-03-07,1943,N,VIIRS,n,2,294.15,1.98,N,0
21.92967,86.41563,308.49,0.42,0.38,2021-03-07,1943,N,VIIRS,n,2,290.81,0.41,N,0
21.92909,86.41972,302.22,0.42,0.38,2021-03-07,1943,N,VIIRS,n,2,288.43,0.41,N,0
21.92738,86.40697,310.51,0.42,0.38,2021-03-07,1943,N,VIIRS,n,2,290.46,1.28,N,0
21.92563,86.4192,306.76,0.42,0.38,2021-03-07,1943,N,VIIRS,n,2,291,1.85,N,0
21.92274,86.41467,326.47,0.42,0.38,2021-03-07,1943,N,VIIRS,n,2,294.91,1.85,N,0
21.95803,86.16696,309.49,0.43,0.38,2021-03-07,1943,N,VIIRS,n,2,290.58,0.81,N,0
21.92391,86.40646,299.75,0.42,0.38,2021-03-07,1943,N,VIIRS,n,2,289.21,1.28,N,0
21.95392,86.17072,305.5,0.43,0.38,2021-03-07,1943,N,VIIRS,n,2,293.12,1.27,N,0
21.91986,86.4101,304.04,0.42,0.38,2021-03-07,1943,N,VIIRS,n,2,293.82,2.25,N,0
21.91927,86.41419,312.37,0.42,0.38,2021-03-07,1943,N,VIIRS,n,2,293.47,1.89,N,0
21.91639,86.40955,320.13,0.42,0.38,2021-03-07,1943,N,VIIRS,n,2,293.58,2.25,N,0
21.91581,86.41366,332.02,0.42,0.38,2021-03-07,1943,N,VIIRS,n,2,294.53,1.89,N,0
21.95041,86.1703,315.7,0.43,0.38,2021-03-07,1943,N,VIIRS,n,2,292.92,1.27,N,0
21.9498,86.17462,305.61,0.43,0.38,2021-03-07,1943,N,VIIRS,n,2,294.12,1.23,N,0
21.94919,86.17893,313.95,0.43,0.38,2021-03-07,1943,N,VIIRS,n,2,294.84,1.23,N,0
21.9469,86.19514,301.66,0.43,0.38,2021-03-07,1943,N,VIIRS,n,2,291.31,1.01,N,0
21.94749,86.16567,320.16,0.43,0.38,2021-03-07,1943,N,VIIRS,n,2,295.82,2.87,N,0
21.91353,86.4048,306.87,0.42,0.38,2021-03-07,1943,N,VIIRS,n,2,291.47,1.13,N,0
21.91294,86.40898,315.8,0.42,0.38,2021-03-07,1943,N,VIIRS,n,2,293.13,1.13,N,0
21.91008,86.40418,311.45,0.42,0.38,2021-03-07,1943,N,VIIRS,n,2,288.73,1.13,N,0
21.90949,86.40834,304.99,0.42,0.38,2021-03-07,1943,N,VIIRS,n,2,292.15,1.13,N,0
21.93987,86.1691,309.79,0.43,0.38,2021-03-07,1943,N,VIIRS,n,2,294.54,1.62,N,0
21.91646,86.33455,303.32,0.42,0.38,2021-03-07,1943,N,VIIRS,n,2,291.18,1.15,N,0
21.91298,86.33401,321.45,0.42,0.38,2021-03-07,1943,N,VIIRS,n,2,292.05,1.15,N,0
21.93883,86.1511,300.09,0.43,0.38,2021-03-07,1943,N,VIIRS,n,2,289.76,0.67,N,0
21.93637,86.16859,318.23,0.43,0.38,2021-03-07,1943,N,VIIRS,n,2,294.83,1.62,N,0
21.92998,86.21389,314.14,0.43,0.38,2021-03-07,1943,N,VIIRS,n,2,293.95,1.87,N,0
21.92236,86.26784,304.53,0.43,0.38,2021-03-07,1943,N,VIIRS,n,2,292.49,1.11,N,0
21.93534,86.15051,303.57,0.43,0.38,2021-03-07,1943,N,VIIRS,n,2,292.7,1.71,N,0
21.93351,86.16353,314.02,0.43,0.38,2021-03-07,1943,N,VIIRS,n,2,294.76,1.87,N,0
21.9329,86.16791,308.38,0.43,0.38,2021-03-07,1943,N,VIIRS,n,2,294.21,1.87,N,0
21.92707,86.20927,306.2,0.43,0.38,2021-03-07,1943,N,VIIRS,n,2,293.5,1.35,N,0
21.91011,86.32928,302.96,0.42,0.38,2021-03-07,1943,N,VIIRS,n,2,291.55,1.5,N,0
21.90901,86.21104,306.51,0.43,0.38,2021-03-07,1943,N,VIIRS,n,2,293.23,0.93,N,0
21.90843,86.21518,312.22,0.43,0.38,2021-03-07,1943,N,VIIRS,n,2,293.41,0.93,N,0
21.88755,86.36343,306.33,0.42,0.38,2021-03-07,1943,N,VIIRS,n,2,291.6,1.24,N,0
21.88186,86.40364,302.71,0.42,0.38,2021-03-07,1943,N,VIIRS,n,2,290.29,1.11,N,0
21.90736,86.19733,310.61,0.43,0.38,2021-03-07,1943,N,VIIRS,n,2,292.12,1.39,N,0
21.90673,86.20187,308.33,0.43,0.38,2021-03-07,1943,N,VIIRS,n,2,294.5,1.19,N,0
21.90611,86.20628,307.99,0.43,0.38,2021-03-07,1943,N,VIIRS,n,2,293.46,1.19,N,0
21.90146,86.23947,311.53,0.43,0.38,2021-03-07,1943,N,VIIRS,n,2,292.93,2.01,N,0
21.90855,86.16325,302.12,0.43,0.38,2021-03-07,1943,N,VIIRS,n,2,289.64,0.33,N,0
21.90265,86.20559,314.48,0.43,0.38,2021-03-07,1943,N,VIIRS,n,2,294.31,1.19,N,0
21.89103,86.28845,314.93,0.43,0.38,2021-03-07,1943,N,VIIRS,n,2,292.96,2.15,N,0
21.89046,86.29252,306.02,0.42,0.38,2021-03-07,1943,N,VIIRS,n,2,292.3,1.32,N,0
21.90852,86.13789,303.25,0.43,0.38,2021-03-07,1943,N,VIIRS,n,2,291.1,0.76,N,0
21.90673,86.15073,319.71,0.43,0.38,2021-03-07,1943,N,VIIRS,n,2,295.48,1.41,N,0
21.90099,86.1918,300.85,0.43,0.38,2021-03-07,1943,N,VIIRS,n,2,289.03,0.98,N,0
21.89919,86.20475,310.02,0.43,0.38,2021-03-07,1943,N,VIIRS,n,2,292.67,1.14,N,0
21.89861,86.20896,315.96,0.43,0.38,2021-03-07,1943,N,VIIRS,n,2,293.66,1.33,N,0
21.89802,86.21313,305.13,0.43,0.38,2021-03-07,1943,N,VIIRS,n,2,293.14,1.33,N,0
21.86577,86.13354,303.29,0.43,0.38,2021-03-07,1943,N,VIIRS,n,2,288.77,0.65,N,0
21.86048,86.17075,315.06,0.43,0.38,2021-03-07,1943,N,VIIRS,n,2,292.85,1.1,N,0
21.8599,86.17484,305.77,0.43,0.38,2021-03-07,1943,N,VIIRS,n,2,292.2,1.1,N,0
21.83809,86.3275,301.96,0.42,0.38,2021-03-07,1943,N,VIIRS,n,2,291.19,0.83,N,0
21.8564,86.17435,311.61,0.43,0.38,2021-03-07,1943,N,VIIRS,n,2,293.38,1.1,N,0
21.84884,86.17735,312.65,0.43,0.38,2021-03-07,1943,N,VIIRS,n,2,292.97,1.26,N,0
21.82654,86.3339,307.68,0.42,0.38,2021-03-07,1943,N,VIIRS,n,2,291.58,0.93,N,0
21.84295,86.19373,351.08,0.43,0.38,2021-03-07,1943,N,VIIRS,n,2,297.18,5.53,N,0
21.84593,86.17273,313.94,0.43,0.38,2021-03-07,1943,N,VIIRS,n,2,293.42,2.03,N,0
21.84476,86.18098,318.53,0.43,0.38,2021-03-07,1943,N,VIIRS,n,2,293.52,1.29,N,0
21.82448,86.14774,304.77,0.43,0.38,2021-03-07,1943,N,VIIRS,n,2,292.27,0.75,N,0
21.7936,86.36619,298.63,0.42,0.38,2021-03-07,1943,N,VIIRS,n,2,288.06,0.3,N,0
21.821,86.14713,304.23,0.43,0.38,2021-03-07,1943,N,VIIRS,n,2,291.55,1.3,N,0
21.79014,86.36569,302.94,0.42,0.38,2021-03-07,1943,N,VIIRS,n,2,291.54,1.02,N,0
21.81866,86.13837,317.99,0.43,0.38,2021-03-07,1943,N,VIIRS,n,2,293.76,1.23,N,0
21.81809,86.14243,306.11,0.43,0.38,2021-03-07,1943,N,VIIRS,n,2,293.25,1.23,N,0
21.79191,86.3282,303.39,0.42,0.38,2021-03-07,1943,N,VIIRS,n,2,291.56,0.58,N,0
21.78321,86.36462,310.55,0.42,0.38,2021-03-07,1943,N,VIIRS,n,2,291.34,1.05,N,0
21.78262,86.36877,302.15,0.42,0.38,2021-03-07,1943,N,VIIRS,n,2,290.38,0.62,N,0
21.8,86.22053,344.01,0.43,0.38,2021-03-07,1943,N,VIIRS,n,2,295.62,6.31,N,0
21.81936,86.08221,309.69,0.43,0.38,2021-03-07,1943,N,VIIRS,n,2,293.71,1.22,N,0
21.81819,86.09058,311.61,0.43,0.38,2021-03-07,1943,N,VIIRS,n,2,291.07,2.05,N,0
21.79651,86.22002,331.73,0.43,0.38,2021-03-07,1943,N,VIIRS,n,2,293.5,4.11,N,0
21.81001,86.12357,311.11,0.43,0.38,2021-03-07,1943,N,VIIRS,n,2,294.95,2.33,N,0
21.80941,86.12791,305.95,0.43,0.38,2021-03-07,1943,N,VIIRS,n,2,294.32,1.96,N,0
21.79131,86.23173,325.29,0.43,0.38,2021-03-07,1943,N,VIIRS,n,2,294.03,2.31,N,0
21.80478,86.13549,305.94,0.43,0.38,2021-03-07,1943,N,VIIRS,n,2,291.6,1.37,N,0
21.69542,86.14465,308.4,0.43,0.38,2021-03-07,1943,N,VIIRS,n,2,294.39,1.5,N,0
21.68264,86.15954,304.63,0.43,0.38,2021-03-07,1943,N,VIIRS,n,2,292.59,1.66,N,0
21.84824,86.18067,332.03,0.52,0.5,2021-03-08,0656,N,VIIRS,l,2,302.33,5.82,D,0
21.88033,86.31887,339.66,0.51,0.49,2021-03-08,0656,N,VIIRS,n,2,303.99,5.78,D,0
21.85272,86.17932,346.14,0.52,0.5,2021-03-08,0656,N,VIIRS,n,2,303.05,5.62,D,0
21.95488,86.19199,332.24,0.52,0.5,2021-03-08,0656,N,VIIRS,l,2,306.33,3.69,D,0
21.94797,86.15728,333.71,0.52,0.5,2021-03-08,0656,N,VIIRS,l,2,306.73,4.77,D,0
21.96451,86.21668,341.21,0.51,0.5,2021-03-08,0656,N,VIIRS,n,2,306.37,4.74,D,0
21.95244,86.1559,335.77,0.52,0.5,2021-03-08,0656,N,VIIRS,l,2,308.71,4.77,D,0
21.99927,86.2252,335.25,0.51,0.5,2021-03-08,0656,N,VIIRS,n,2,304.99,4.58,D,0
21.85881,86.39964,340.39,0.5,0.49,2021-03-08,0656,N,VIIRS,n,2,302.15,5.53,D,0
21.87572,86.39043,340.97,0.5,0.49,2021-03-08,0656,N,VIIRS,n,2,302.75,5.82,D,0
21.98731,86.35552,331.03,0.5,0.49,2021-03-08,0656,N,VIIRS,n,2,299.81,3.71,D,0
21.8361,86.16745,332.6,0.52,0.5,2021-03-08,0656,N,VIIRS,l,2,303.04,4.46,D,0
21.84072,86.1668,342.71,0.52,0.5,2021-03-08,0656,N,VIIRS,n,2,303.74,11.33,D,0
21.84931,86.18609,342.39,0.52,0.5,2021-03-08,0656,N,VIIRS,n,2,301.17,6.17,D,0
21.8592,86.18808,336.87,0.52,0.5,2021-03-08,0656,N,VIIRS,n,2,300.92,8.38,D,0
21.94351,86.15873,336.23,0.52,0.5,2021-03-08,0656,N,VIIRS,l,2,307.39,8.3,D,0
21.94464,86.16439,336.19,0.52,0.5,2021-03-08,0656,N,VIIRS,n,2,306.02,4.41,D,0
21.94565,86.16947,345.83,0.52,0.5,2021-03-08,0656,N,VIIRS,n,2,306.06,4.41,D,0
21.98204,86.35255,332.77,0.5,0.49,2021-03-08,0656,N,VIIRS,n,2,300.71,3.58,D,0
21.86178,86.17709,344.75,0.52,0.5,2021-03-08,0656,N,VIIRS,n,2,305.11,11.39,D,0
21.85725,86.1782,336.09,0.52,0.5,2021-03-08,0656,N,VIIRS,n,2,302.07,5.62,D,0
21.85822,86.18313,332.57,0.52,0.5,2021-03-08,0656,N,VIIRS,n,2,301.39,8.38,D,0
21.88803,86.18984,331.99,0.52,0.5,2021-03-08,0656,N,VIIRS,n,2,303.25,2.94,D,0
21.89367,86.24284,330.03,0.51,0.5,2021-03-08,0656,N,VIIRS,l,2,302.42,5.63,D,0
21.8882,86.28716,337.87,0.51,0.49,2021-03-08,0656,N,VIIRS,n,2,302.42,3.78,D,0
21.90822,86.24253,337.61,0.51,0.5,2021-03-08,0656,N,VIIRS,n,2,301.59,9.03,D,0
21.77101,86.19402,336.98,0.52,0.5,2021-03-08,0656,N,VIIRS,n,2,302.08,4.88,D,0
21.99856,86.22223,336.02,0.51,0.5,2021-03-08,0656,N,VIIRS,n,2,306.04,2.83,D,0
21.76297,86.20142,340.33,0.52,0.5,2021-03-08,0656,N,VIIRS,n,2,302.73,7.16,D,0
21.76195,86.19627,338.18,0.52,0.5,2021-03-08,0656,N,VIIRS,n,2,303.96,4.04,D,0
21.74295,86.07582,333.62,0.53,0.5,2021-03-08,0656,N,VIIRS,l,2,306.09,2.61,D,0
21.74091,86.0655,331.4,0.53,0.5,2021-03-08,0656,N,VIIRS,l,2,306.34,4.62,D,0
21.88848,86.19196,331.8,0.52,0.5,2021-03-08,0656,N,VIIRS,n,2,303.68,5,D,0
21.89299,86.19082,343.66,0.52,0.5,2021-03-08,0656,N,VIIRS,n,2,304.39,5,D,0
21.8935,86.23991,331.71,0.51,0.5,2021-03-08,0656,N,VIIRS,l,2,302.36,5.53,D,0
21.88932,86.28889,338.63,0.51,0.49,2021-03-08,0656,N,VIIRS,n,2,303.41,3.77,D,0
21.76979,86.19241,337.04,0.52,0.5,2021-03-08,0656,N,VIIRS,n,2,302.66,5.06,D,0
21.92657,86.21623,335.52,0.52,0.5,2021-03-08,0656,N,VIIRS,n,2,302.94,5.79,D,0
21.92558,86.21131,344.72,0.52,0.5,2021-03-08,0656,N,VIIRS,n,2,303.96,5.79,D,0
21.96237,86.34792,333.26,0.51,0.49,2021-03-08,0656,N,VIIRS,n,2,300.39,3.58,D,0
21.94684,86.1992,342.73,0.52,0.5,2021-03-08,0656,N,VIIRS,n,2,307.2,10.92,D,0
21.95178,86.22395,341.7,0.51,0.5,2021-03-08,0656,N,VIIRS,n,2,307.11,13.52,D,0
21.76179,86.1998,347.39,0.52,0.5,2021-03-08,0656,N,VIIRS,n,2,304.74,5.22,D,0
21.76635,86.19884,334.13,0.52,0.5,2021-03-08,0656,N,VIIRS,n,2,300.74,5.22,D,0
21.91449,86.20325,334.66,0.52,0.5,2021-03-08,0656,N,VIIRS,n,2,301.83,3.55,D,0
21.99498,86.33141,312.33,0.5,0.49,2021-03-08,1924,N,VIIRS,n,2,295.2,2.65,N,0
21.94585,86.23344,304.97,0.51,0.49,2021-03-08,1924,N,VIIRS,n,2,293.41,1.98,N,0
21.99065,86.37066,315.54,0.5,0.49,2021-03-08,1924,N,VIIRS,n,2,297.32,3.12,N,0
21.98799,86.23026,311.93,0.51,0.49,2021-03-08,1924,N,VIIRS,n,2,294.3,1.9,N,0
21.98275,86.23538,305.01,0.51,0.49,2021-03-08,1924,N,VIIRS,n,2,293.43,1.33,N,0
21.97367,86.2336,305.11,0.51,0.49,2021-03-08,1924,N,VIIRS,n,2,293.16,1.65,N,0
21.96917,86.23238,302.73,0.51,0.49,2021-03-08,1924,N,VIIRS,n,2,291.56,0.71,N,0
21.94359,86.41507,307.84,0.5,0.49,2021-03-08,1924,N,VIIRS,n,2,293.7,2.2,N,0
21.95613,86.18346,309.87,0.51,0.5,2021-03-08,1924,N,VIIRS,n,2,294.08,1.89,N,0
21.95041,86.23416,311.73,0.51,0.49,2021-03-08,1924,N,VIIRS,n,2,294.03,1.98,N,0
21.95147,86.18356,305.92,0.51,0.5,2021-03-08,1924,N,VIIRS,n,2,294.52,1.89,N,0
21.99546,86.3271,312,0.5,0.49,2021-03-08,1924,N,VIIRS,n,2,295.29,3.05,N,0
21.91668,86.32828,303.39,0.5,0.49,2021-03-08,1924,N,VIIRS,n,2,291.82,1.6,N,0
21.92861,86.2216,308.8,0.51,0.49,2021-03-08,1924,N,VIIRS,n,2,294.02,2.8,N,0
21.98053,86.37384,310.3,0.5,0.49,2021-03-08,1924,N,VIIRS,n,2,295.59,3.29,N,0
21.99925,86.1731,303.75,0.52,0.5,2021-03-08,1924,N,VIIRS,n,2,292.31,1.18,N,0
21.9751,86.38102,305.31,0.5,0.49,2021-03-08,1924,N,VIIRS,n,2,294.09,1.33,N,0
21.84679,86.16402,305.97,0.51,0.5,2021-03-08,1924,N,VIIRS,n,2,291.58,1.13,N,0
21.84624,86.16895,306.71,0.51,0.5,2021-03-08,1924,N,VIIRS,n,2,292.02,1.05,N,0
21.82593,86.34811,305.33,0.5,0.49,2021-03-08,1924,N,VIIRS,n,2,291.03,1.07,N,0
21.84223,86.16324,303.76,0.51,0.5,2021-03-08,1924,N,VIIRS,n,2,291.72,0.57,N,0
21.82312,86.33243,301.84,0.5,0.49,2021-03-08,1924,N,VIIRS,n,2,290.89,1.22,N,0
21.82145,86.3471,299.13,0.5,0.49,2021-03-08,1924,N,VIIRS,n,2,289.08,0.64,N,0
21.83767,86.16238,302.03,0.51,0.5,2021-03-08,1924,N,VIIRS,n,2,291.52,0.57,N,0
21.8331,86.20312,303.98,0.51,0.49,2021-03-08,1924,N,VIIRS,n,2,292.35,1.68,N,0
21.83257,86.20775,305.16,0.51,0.49,2021-03-08,1924,N,VIIRS,n,2,292.54,1.55,N,0
21.82468,86.23679,308.7,0.51,0.49,2021-03-08,1924,N,VIIRS,n,2,291.89,1.53,N,0
21.83961,86.0611,311.19,0.52,0.5,2021-03-08,1924,N,VIIRS,n,2,292.2,0.9,N,0
21.80023,86.24844,312.76,0.51,0.49,2021-03-08,1924,N,VIIRS,n,2,292.59,3.05,N,0
21.83148,86.17606,307.89,0.51,0.5,2021-03-08,1924,N,VIIRS,n,2,292.05,1.84,N,0
21.91983,86.21713,306.15,0.51,0.49,2021-03-08,1924,N,VIIRS,n,2,293.77,1.71,N,0
21.91719,86.24086,307.48,0.51,0.49,2021-03-08,1924,N,VIIRS,n,2,293.48,1.47,N,0
21.91584,86.21124,307.94,0.51,0.49,2021-03-08,1924,N,VIIRS,n,2,293.99,1.94,N,0
21.91526,86.21648,307.9,0.51,0.49,2021-03-08,1924,N,VIIRS,n,2,293.44,1.29,N,0
21.91472,86.22135,311.23,0.51,0.49,2021-03-08,1924,N,VIIRS,n,2,293.89,1.29,N,0
21.98717,86.36049,319.43,0.5,0.49,2021-03-08,1924,N,VIIRS,n,2,296.56,2.6,N,0
21.98604,86.37082,316.22,0.5,0.49,2021-03-08,1924,N,VIIRS,n,2,295.95,3.13,N,0
21.98098,86.37502,321.16,0.5,0.49,2021-03-08,1924,N,VIIRS,n,2,296.62,3.13,N,0
21.98052,86.37912,320.24,0.5,0.49,2021-03-08,1924,N,VIIRS,n,2,296.08,3.07,N,0
21.99825,86.21691,304.13,0.51,0.5,2021-03-08,1924,N,VIIRS,n,2,294.08,1.3,N,0
21.99768,86.22217,308.9,0.51,0.5,2021-03-08,1924,N,VIIRS,n,2,294.84,2.37,N,0
21.99713,86.22723,315.33,0.51,0.49,2021-03-08,1924,N,VIIRS,n,2,294.98,2.37,N,0
21.98256,86.36058,308.8,0.5,0.49,2021-03-08,1924,N,VIIRS,n,2,295.28,2.6,N,0
21.99879,86.16898,302.77,0.52,0.5,2021-03-08,1924,N,VIIRS,n,2,291.13,1.14,N,0
21.97602,86.3782,305.79,0.5,0.49,2021-03-08,1924,N,VIIRS,n,2,294.46,1.92,N,0
21.98739,86.23149,308.2,0.51,0.49,2021-03-08,1924,N,VIIRS,n,2,293.76,1.36,N,0
21.98006,86.37793,332.98,0.5,0.49,2021-03-08,1924,N,VIIRS,n,2,297.18,3.29,N,0
21.99836,86.22095,308.85,0.51,0.49,2021-03-08,1924,N,VIIRS,n,2,294.92,2.32,N,0
21.99776,86.22607,314.8,0.51,0.49,2021-03-08,1924,N,VIIRS,n,2,294.87,1.72,N,0
21.99721,86.23089,305.49,0.51,0.49,2021-03-08,1924,N,VIIRS,n,2,294.25,1.72,N,0
21.98223,86.35936,307.36,0.5,0.49,2021-03-08,1924,N,VIIRS,n,2,294.86,1.63,N,0
21.88379,86.28606,315.32,0.51,0.49,2021-03-08,1924,N,VIIRS,n,2,292.11,1.79,N,0
21.88214,86.30027,305.75,0.5,0.49,2021-03-08,1924,N,VIIRS,n,2,291.26,1.54,N,0
21.88041,86.27547,302.4,0.51,0.49,2021-03-08,1924,N,VIIRS,n,2,290.91,2.29,N,0
21.84877,86.22855,301.29,0.51,0.49,2021-03-08,1924,N,VIIRS,n,2,289.35,1.22,N,0
21.83006,86.39235,305.63,0.5,0.49,2021-03-08,1924,N,VIIRS,n,2,291.73,1.82,N,0
21.79315,86.22884,313.27,0.51,0.49,2021-03-08,1924,N,VIIRS,n,2,292.43,1.55,N,0
21.79158,86.24304,312.04,0.51,0.49,2021-03-08,1924,N,VIIRS,n,2,293.5,2.07,N,0
21.77895,86.23163,307.85,0.51,0.49,2021-03-08,1924,N,VIIRS,n,2,292.95,1.26,N,0
21.88323,86.29092,307.21,0.51,0.49,2021-03-08,1924,N,VIIRS,n,2,291.63,1.79,N,0
21.8474,86.19978,307.9,0.51,0.49,2021-03-08,1924,N,VIIRS,n,2,293.36,2.49,N,0
21.82604,86.38744,303.83,0.5,0.49,2021-03-08,1924,N,VIIRS,n,2,292.06,1,N,0
21.79564,86.24816,306.08,0.51,0.49,2021-03-08,1924,N,VIIRS,n,2,293.82,2.07,N,0
21.91014,86.22073,303.07,0.51,0.49,2021-03-08,1924,N,VIIRS,n,2,292.89,1.29,N,0
21.91362,86.14669,308.19,0.52,0.5,2021-03-08,1924,N,VIIRS,n,2,291.98,1.52,N,0
21.89117,86.30886,304.34,0.5,0.49,2021-03-08,1924,N,VIIRS,n,2,292.27,1.39,N,0
21.89062,86.31384,303.9,0.5,0.49,2021-03-08,1924,N,VIIRS,n,2,291.66,1.01,N,0
21.88814,86.29453,306.22,0.51,0.49,2021-03-08,1924,N,VIIRS,n,2,291.84,1.77,N,0
21.88466,86.2842,308.12,0.51,0.49,2021-03-08,1924,N,VIIRS,n,2,292.43,2.02,N,0
21.8841,86.28927,311.69,0.51,0.49,2021-03-08,1924,N,VIIRS,n,2,291.37,2.02,N,0
21.73761,86.18858,302.66,0.51,0.49,2021-03-08,1925,N,VIIRS,n,2,290.95,1.4,N,0
21.77918,86.23029,307.21,0.51,0.49,2021-03-08,1925,N,VIIRS,n,2,292.79,2.17,N,0
21.69205,86.13866,303.64,0.51,0.5,2021-03-08,1925,N,VIIRS,n,2,293.59,1.26,N,0
21.85107,86.22648,331.46,0.51,0.66,2021-03-09,0637,N,VIIRS,n,2,299.16,3.77,D,0
21.75188,86.07682,331.53,0.52,0.67,2021-03-09,0637,N,VIIRS,n,2,300.38,4.74,D,0
21.75307,86.08199,340.28,0.52,0.67,2021-03-09,0637,N,VIIRS,n,2,300.57,9.31,D,0
21.75198,86.07874,337.74,0.52,0.67,2021-03-09,0637,N,VIIRS,n,2,300.78,6.58,D,0
21.80415,86.32549,330.78,0.5,0.66,2021-03-09,0637,N,VIIRS,n,2,297.38,2.61,D,0
21.7532,86.08389,338.34,0.52,0.67,2021-03-09,0637,N,VIIRS,n,2,300.73,7.2,D,0
21.88066,86.26786,350.35,0.61,0.71,2021-03-09,0817,N,VIIRS,n,2,299.38,10.51,D,0
21.88733,86.26752,349.67,0.61,0.71,2021-03-09,0817,N,VIIRS,n,2,296.77,10.51,D,0
21.88465,86.26571,367,0.61,0.71,2021-03-09,0818,N,VIIRS,h,2,299.23,17.76,D,0
21.98636,86.23776,338.07,0.61,0.71,2021-03-09,0818,N,VIIRS,n,2,299.56,8.17,D,0
21.89135,86.2657,345.52,0.61,0.71,2021-03-09,0818,N,VIIRS,n,2,298.1,8.03,D,0
21.95581,86.408,350.96,0.49,0.4,2021-03-11,0740,N,VIIRS,n,2,304.99,39.15,D,0
21.77964,86.02393,335.78,0.47,0.39,2021-03-11,0740,N,VIIRS,n,2,307.16,1.8,D,0
21.82824,86.11939,303.45,0.48,0.4,2021-03-11,2008,N,VIIRS,n,2,290.45,0.81,N,0
21.82456,86.11881,306.47,0.48,0.4,2021-03-11,2008,N,VIIRS,n,2,290.84,0.81,N,0
21.8793,86.04518,309.47,0.48,0.4,2021-03-11,2008,N,VIIRS,n,2,289.43,1.27,N,0
21.86634,86.18308,337.75,0.39,0.36,2021-03-12,0721,N,VIIRS,n,2,302.12,3.15,D,0
21.86694,86.18682,335.49,0.39,0.36,2021-03-12,0721,N,VIIRS,n,2,303.4,3.15,D,0
21.86301,86.18371,340.78,0.39,0.36,2021-03-12,0721,N,VIIRS,n,2,302.96,3.15,D,0
21.73282,86.15337,338.91,0.39,0.36,2021-03-12,0721,N,VIIRS,n,2,300.15,4.05,D,0
21.99928,86.40242,334.61,0.39,0.36,2021-03-12,0721,N,VIIRS,n,2,302.33,3.27,D,0
21.79444,86.18278,300.6,0.39,0.36,2021-03-12,1950,N,VIIRS,n,2,290.41,0.25,N,0
21.86048,86.121,306.37,0.39,0.36,2021-03-12,1950,N,VIIRS,n,2,290.08,0.75,N,0
21.84152,86.03009,305.55,0.42,0.45,2021-03-13,1931,N,VIIRS,n,2,288.8,0.78,N,0
21.71635,86.14704,301.36,0.41,0.45,2021-03-13,1931,N,VIIRS,n,2,289.9,0.44,N,0
21.86397,86.19118,302.56,0.41,0.45,2021-03-13,1931,N,VIIRS,n,2,289.23,0.63,N,0
21.75307,86.32773,367,0.4,0.6,2021-03-14,0643,N,VIIRS,h,2,301.07,9.44,D,0
21.71941,86.18549,303.82,0.41,0.61,2021-03-14,1912,N,VIIRS,n,2,288.96,0.86,N,0
21.68935,86.11795,334.95,0.37,0.58,2021-03-15,0805,N,VIIRS,n,2,301.24,1.44,D,0
21.80919,86.16508,331.08,0.38,0.59,2021-03-15,0805,N,VIIRS,l,2,303.84,3.35,D,0
21.69299,86.11824,330.52,0.37,0.58,2021-03-15,0805,N,VIIRS,l,2,301.45,1.35,D,0
21.72867,86.15855,302.65,0.38,0.59,2021-03-15,2033,N,VIIRS,n,2,292.23,0.64,N,0
21.77362,86.41828,301.98,0.4,0.6,2021-03-15,2033,N,VIIRS,n,2,291.34,1,N,0
21.78586,86.20664,302.6,0.38,0.59,2021-03-15,2033,N,VIIRS,n,2,291.33,0.77,N,0
21.78655,86.20351,300.85,0.38,0.59,2021-03-15,2033,N,VIIRS,n,2,290.07,0.63,N,0
21.70324,86.20312,338.05,0.38,0.43,2021-03-16,0746,N,VIIRS,n,2,305.32,2.92,D,0
21.68738,86.12016,343.66,0.57,0.43,2021-03-16,0746,N,VIIRS,n,2,308.79,5.81,D,0
21.75057,86.32527,339.19,0.39,0.44,2021-03-16,0746,N,VIIRS,n,2,307.08,4.8,D,0
21.7663,86.31947,335.07,0.39,0.44,2021-03-16,0746,N,VIIRS,l,2,307.7,4.32,D,0
21.76483,86.20666,331.23,0.38,0.43,2021-03-16,0746,N,VIIRS,l,2,305.15,1.58,D,0
21.95514,86.41853,353.37,0.4,0.44,2021-03-16,0746,N,VIIRS,n,2,306.04,7.79,D,0
21.70817,86.14233,344.36,0.57,0.43,2021-03-16,0746,N,VIIRS,n,2,308.16,5.4,D,0
21.70364,86.13844,338.54,0.57,0.43,2021-03-16,0746,N,VIIRS,l,2,309.11,5.4,D,0
21.70421,86.14317,332.26,0.57,0.43,2021-03-16,0746,N,VIIRS,l,2,307.05,5.4,D,0
21.71153,86.13646,332.51,0.57,0.43,2021-03-16,0746,N,VIIRS,l,2,307.38,4.08,D,0
21.83005,86.33725,338.47,0.39,0.44,2021-03-16,0746,N,VIIRS,n,2,303.68,2.11,D,0
21.84493,86.15395,338.69,0.57,0.43,2021-03-16,0746,N,VIIRS,n,2,308.1,10.43,D,0
21.71937,86.16151,306.68,0.39,0.44,2021-03-16,2015,N,VIIRS,n,2,290.83,0.53,N,0
21.8592,86.1297,297.67,0.39,0.44,2021-03-16,2015,N,VIIRS,n,2,287.47,0.09,N,0
21.85039,86.15464,305,0.39,0.44,2021-03-16,2015,N,VIIRS,n,2,290.49,1.49,N,0
21.84971,86.15829,300.68,0.39,0.44,2021-03-16,2015,N,VIIRS,n,2,289.4,0.52,N,0
21.84711,86.15004,316.77,0.39,0.44,2021-03-16,2015,N,VIIRS,n,2,291.21,1.49,N,0
21.84241,86.15298,317.44,0.39,0.44,2021-03-16,2015,N,VIIRS,n,2,290.96,2.13,N,0
21.84171,86.15667,310.83,0.39,0.44,2021-03-16,2015,N,VIIRS,n,2,290.75,1.08,N,0
21.84521,86.11603,303.69,0.39,0.44,2021-03-16,2015,N,VIIRS,n,2,289.79,0.72,N,0
21.84454,86.11961,307.81,0.39,0.44,2021-03-16,2015,N,VIIRS,n,2,291.17,0.71,N,0
21.7954,86.29147,302.8,0.4,0.44,2021-03-16,2015,N,VIIRS,n,2,290.17,0.67,N,0
21.76965,86.20747,318.13,0.39,0.44,2021-03-16,2015,N,VIIRS,n,2,292.13,1.78,N,0
21.72779,86.18308,303.57,0.39,0.44,2021-03-16,2015,N,VIIRS,n,2,289.91,1.06,N,0
21.73083,86.14484,315.36,0.39,0.44,2021-03-16,2015,N,VIIRS,n,2,293.05,1.66,N,0
21.72241,86.18955,307.01,0.39,0.44,2021-03-16,2015,N,VIIRS,n,2,290,1.03,N,0
21.72613,86.14773,307.96,0.39,0.44,2021-03-16,2015,N,VIIRS,n,2,292.08,1.44,N,0
21.72007,86.15778,303.37,0.39,0.44,2021-03-16,2015,N,VIIRS,n,2,291.37,1.03,N,0
21.71875,86.14281,311.16,0.39,0.44,2021-03-16,2015,N,VIIRS,n,2,291.85,1.17,N,0
21.71467,86.16434,300.82,0.39,0.44,2021-03-16,2015,N,VIIRS,n,2,290.33,1.04,N,0
21.70798,86.13383,305.89,0.39,0.44,2021-03-16,2015,N,VIIRS,n,2,293.71,1.25,N,0
21.81212,86.24149,337.68,0.39,0.36,2021-03-17,0727,N,VIIRS,n,2,304.52,3.11,D,0
21.82702,86.31897,341.73,0.39,0.36,2021-03-17,0727,N,VIIRS,n,2,305.86,2.8,D,0
21.80701,86.00277,338.95,0.38,0.36,2021-03-17,0727,N,VIIRS,l,2,310.17,2.97,D,0
21.73338,86.14411,330.98,0.38,0.36,2021-03-17,0727,N,VIIRS,l,2,304.68,2.3,D,0
21.76937,86.29405,336.85,0.39,0.36,2021-03-17,0727,N,VIIRS,n,2,305.22,3.29,D,0
21.78554,86.3374,336.79,0.39,0.36,2021-03-17,0727,N,VIIRS,l,2,307.97,4.52,D,0
21.74638,86.09683,348.94,0.38,0.36,2021-03-17,0727,N,VIIRS,n,2,311.67,6.17,D,0
21.82753,86.41444,331.95,0.39,0.36,2021-03-17,0727,N,VIIRS,l,2,303.25,2.3,D,0
21.68368,86.0844,348.47,0.38,0.36,2021-03-17,0727,N,VIIRS,n,2,309.81,2.44,D,0
21.7988,86.35809,334.93,0.39,0.36,2021-03-17,0727,N,VIIRS,n,2,304.61,2.07,D,0
21.76018,86.09827,338.59,0.38,0.36,2021-03-17,0727,N,VIIRS,n,2,308.74,2.57,D,0
21.76349,86.0977,338.28,0.38,0.36,2021-03-17,0727,N,VIIRS,l,2,312.68,2.57,D,0
21.81811,86.41985,338.87,0.39,0.36,2021-03-17,0727,N,VIIRS,n,2,304.75,4.5,D,0
21.82088,86.41555,338.68,0.39,0.36,2021-03-17,0727,N,VIIRS,n,2,303.58,3.11,D,0
21.82475,86.41872,344.39,0.39,0.36,2021-03-17,0727,N,VIIRS,n,2,305.81,5.66,D,0
21.80549,86.24263,350.73,0.39,0.36,2021-03-17,0727,N,VIIRS,n,2,304.32,9.37,D,0
21.80936,86.2458,331.32,0.39,0.36,2021-03-17,0727,N,VIIRS,l,2,302.86,3.04,D,0
21.80881,86.24206,349.35,0.39,0.36,2021-03-17,0727,N,VIIRS,n,2,304.33,3.11,D,0
21.80825,86.23833,334.06,0.39,0.36,2021-03-17,0727,N,VIIRS,n,2,302.67,3.11,D,0
21.91182,86.14038,339.05,0.39,0.36,2021-03-17,0727,N,VIIRS,n,2,311.07,2.77,D,0
21.96049,86.39947,341.41,0.39,0.36,2021-03-17,0727,N,VIIRS,n,2,309.26,5.02,D,0
21.91343,86.35738,333.72,0.39,0.36,2021-03-17,0727,N,VIIRS,l,2,304.5,3.62,D,0
21.91287,86.35363,340.64,0.39,0.36,2021-03-17,0727,N,VIIRS,n,2,306.06,6.23,D,0
21.90565,86.39709,353.54,0.39,0.36,2021-03-17,0727,N,VIIRS,n,2,308,6.14,D,0
21.8557,86.1236,339.72,0.39,0.36,2021-03-17,0727,N,VIIRS,n,2,307.73,3.41,D,0
21.85798,86.20706,335.29,0.39,0.36,2021-03-17,0727,N,VIIRS,n,2,303.97,4.07,D,0
21.84859,86.21248,339.81,0.39,0.36,2021-03-17,0727,N,VIIRS,n,2,304.59,3.43,D,0
21.7102,86.10264,339.09,0.38,0.36,2021-03-17,0727,N,VIIRS,n,2,308.22,2.05,D,0
21.71627,86.14326,341.97,0.38,0.36,2021-03-17,0727,N,VIIRS,n,2,305.58,3.3,D,0
21.7348,86.13974,312.96,0.39,0.36,2021-03-17,1956,N,VIIRS,n,2,290.28,1.78,N,0
21.7432,86.12984,305.65,0.39,0.36,2021-03-17,1956,N,VIIRS,n,2,290.03,0.72,N,0
21.74261,86.13355,309.56,0.39,0.36,2021-03-17,1956,N,VIIRS,n,2,289.92,0.74,N,0
21.74201,86.13725,302.36,0.39,0.36,2021-03-17,1956,N,VIIRS,n,2,288.97,0.74,N,0
21.73724,86.16702,303.91,0.39,0.36,2021-03-17,1956,N,VIIRS,n,2,286.92,0.38,N,0
21.7387,86.13665,309.56,0.39,0.36,2021-03-17,1956,N,VIIRS,n,2,290.2,1.13,N,0
21.73718,86.12492,303.59,0.39,0.36,2021-03-17,1956,N,VIIRS,n,2,290.03,0.63,N,0
21.73658,86.12866,305.2,0.39,0.36,2021-03-17,1956,N,VIIRS,n,2,290.07,0.63,N,0
21.73539,86.13607,306.02,0.39,0.36,2021-03-17,1956,N,VIIRS,n,2,289.82,1.13,N,0
21.72764,86.18425,309.11,0.39,0.36,2021-03-17,1956,N,VIIRS,n,2,288.9,0.85,N,0
21.73387,86.12435,313.08,0.39,0.36,2021-03-17,1956,N,VIIRS,n,2,290.81,0.98,N,0
21.73208,86.13548,309.79,0.39,0.36,2021-03-17,1956,N,VIIRS,n,2,290.6,1.41,N,0
21.73149,86.13916,313.73,0.39,0.36,2021-03-17,1956,N,VIIRS,n,2,290.44,0.94,N,0
21.7309,86.14282,305.28,0.39,0.36,2021-03-17,1956,N,VIIRS,n,2,290.65,0.94,N,0
21.73055,86.12377,308.53,0.39,0.36,2021-03-17,1956,N,VIIRS,n,2,289.99,0.98,N,0
21.72758,86.14223,310.25,0.39,0.36,2021-03-17,1956,N,VIIRS,n,2,290.36,0.94,N,0
21.71553,86.13245,315.74,0.39,0.36,2021-03-17,1956,N,VIIRS,n,2,290.71,1.44,N,0
21.70957,86.16944,300.79,0.39,0.36,2021-03-17,1956,N,VIIRS,n,2,288.03,0.42,N,0
21.70627,86.1688,317.04,0.39,0.36,2021-03-17,1956,N,VIIRS,n,2,289.08,1.52,N,0
21.70381,86.14176,303.6,0.39,0.36,2021-03-17,1956,N,VIIRS,n,2,290.62,0.75,N,0
21.70049,86.14118,310.33,0.39,0.36,2021-03-17,1956,N,VIIRS,n,2,291.86,0.75,N,0
21.69174,86.13201,306.96,0.39,0.36,2021-03-17,1956,N,VIIRS,n,2,291.08,0.64,N,0
21.68843,86.13139,303.31,0.39,0.36,2021-03-17,1956,N,VIIRS,n,2,290.21,0.64,N,0
21.84512,86.14838,301.98,0.39,0.36,2021-03-17,1956,N,VIIRS,n,2,285.41,0.58,N,0
21.84181,86.14779,302.19,0.39,0.36,2021-03-17,1956,N,VIIRS,n,2,284.58,0.58,N,0
21.79077,86.33743,301.23,0.39,0.36,2021-03-17,1956,N,VIIRS,n,2,290.1,0.65,N,0
21.8055,86.22517,304.44,0.39,0.36,2021-03-17,1956,N,VIIRS,n,2,288.85,0.64,N,0
21.90834,86.35047,334.89,0.5,0.41,2021-03-18,0708,N,VIIRS,n,2,304.64,6.33,D,0
21.95292,86.40077,336.82,0.5,0.41,2021-03-18,0708,N,VIIRS,n,2,295.19,12.95,D,0
21.78993,86.40216,348.47,0.5,0.41,2021-03-18,0708,N,VIIRS,n,2,301.35,28.38,D,0
21.90174,86.35676,331.72,0.5,0.41,2021-03-18,0708,N,VIIRS,l,2,306.18,5.7,D,0
21.90547,86.35602,339.02,0.5,0.41,2021-03-18,0708,N,VIIRS,n,2,306.21,5.7,D,0
21.84016,86.14355,305.13,0.51,0.41,2021-03-18,1937,N,VIIRS,n,2,280.2,1.81,N,0
21.84035,86.14156,303.69,0.51,0.41,2021-03-18,1937,N,VIIRS,n,2,280.57,1.76,N,0
21.99917,86.4185,301.69,0.49,0.4,2021-03-18,1937,N,VIIRS,n,2,281.09,0.8,N,0
21.95875,86.32166,297.45,0.5,0.41,2021-03-18,1937,N,VIIRS,n,2,276.79,0.51,N,0
21.94377,86.40673,298.42,0.49,0.4,2021-03-18,1937,N,VIIRS,n,2,279.89,0.88,N,0
21.80971,86.22689,296.26,0.5,0.41,2021-03-18,1937,N,VIIRS,n,2,277.8,0.58,N,0
21.74672,86.12244,298.3,0.51,0.41,2021-03-18,1937,N,VIIRS,n,2,275.8,0.91,N,0
21.79787,86.10457,335.15,0.33,0.55,2021-03-19,0649,N,VIIRS,l,2,306.57,3.61,D,0
21.80517,86.26585,331.62,0.32,0.55,2021-03-19,0649,N,VIIRS,n,2,301.03,2.11,D,0
21.81009,86.26427,338.5,0.32,0.55,2021-03-19,0649,N,VIIRS,n,2,300.87,2.11,D,0
21.6922,86.08228,332.17,0.33,0.56,2021-03-19,0649,N,VIIRS,l,2,305.65,2.09,D,0
21.80047,86.10535,337.29,0.33,0.55,2021-03-19,0650,N,VIIRS,n,2,301.9,3.63,D,0
21.93327,86.40952,345.06,0.63,0.54,2021-03-19,0650,N,VIIRS,n,2,296.22,13.77,D,0
21.90913,86.12659,345.21,0.33,0.55,2021-03-19,0650,N,VIIRS,n,2,307.47,2.69,D,0
21.90582,86.12782,342.68,0.33,0.55,2021-03-19,0650,N,VIIRS,n,2,306.66,3.75,D,0
21.86373,86.05344,333.23,0.33,0.55,2021-03-19,0650,N,VIIRS,l,2,307.06,1.65,D,0
21.75622,86.08802,340.79,0.47,0.48,2021-03-21,0752,N,VIIRS,n,2,308.96,3.09,D,0
21.79894,86.34718,334.84,0.49,0.48,2021-03-21,0752,N,VIIRS,n,2,304.08,3.34,D,0
21.84809,86.11697,331.96,0.47,0.48,2021-03-21,0752,N,VIIRS,n,2,305.05,3.89,D,0
21.84407,86.04097,340.16,0.47,0.47,2021-03-21,0752,N,VIIRS,n,2,307.6,3.84,D,0
21.7484,86.09791,335.15,0.47,0.48,2021-03-21,0752,N,VIIRS,l,2,307.03,2.95,D,0
21.95687,86.09338,341.08,0.47,0.48,2021-03-21,0752,N,VIIRS,n,2,308.41,2.49,D,0
21.95743,86.29418,305.17,0.49,0.49,2021-03-21,2021,N,VIIRS,n,2,291.4,0.98,N,0
21.98442,86.25151,306.15,0.49,0.48,2021-03-21,2021,N,VIIRS,n,2,292.28,1.47,N,0
21.95849,86.28892,302.1,0.49,0.48,2021-03-21,2021,N,VIIRS,n,2,291.3,0.98,N,0
21.83621,86.15076,308.17,0.48,0.48,2021-03-21,2021,N,VIIRS,n,2,291.95,1.08,N,0
21.8318,86.14989,307.27,0.48,0.48,2021-03-21,2021,N,VIIRS,n,2,290.81,0.83,N,0
21.78435,86.30164,302.88,0.49,0.49,2021-03-21,2021,N,VIIRS,n,2,291.11,1.76,N,0
21.78063,86.22709,308.48,0.49,0.48,2021-03-21,2021,N,VIIRS,n,2,291.83,1.75,N,0
21.7525,86.11475,302.54,0.48,0.48,2021-03-21,2021,N,VIIRS,n,2,289.88,0.89,N,0
21.7489,86.10983,308.42,0.48,0.48,2021-03-21,2021,N,VIIRS,n,2,291.63,2.02,N,0
21.72838,86.12056,306.04,0.48,0.48,2021-03-21,2021,N,VIIRS,n,2,293.41,1.8,N,0
21.85166,86.12901,347.26,0.41,0.37,2021-03-22,0733,N,VIIRS,n,2,311.49,10.79,D,0
21.85112,86.12511,339.13,0.41,0.37,2021-03-22,0733,N,VIIRS,n,2,305.71,10.79,D,0
21.90426,86.25497,332.42,0.41,0.37,2021-03-22,0733,N,VIIRS,l,2,305.12,1.54,D,0
21.82537,86.23796,334.77,0.41,0.37,2021-03-22,0733,N,VIIRS,l,2,306.69,3.26,D,0
21.96067,86.29134,330.77,0.42,0.37,2021-03-22,0733,N,VIIRS,l,2,305.24,3.27,D,0
21.78165,86.3019,332.26,0.42,0.37,2021-03-22,0733,N,VIIRS,l,2,304.9,2.42,D,0
21.79519,86.34882,331.14,0.42,0.37,2021-03-22,0733,N,VIIRS,n,2,306.01,1.33,D,0
21.71971,86.03307,338.24,0.41,0.37,2021-03-22,0733,N,VIIRS,n,2,310.36,3.08,D,0
21.75686,86.1231,306,0.42,0.37,2021-03-22,2002,N,VIIRS,n,2,293.58,1.04,N,0
21.758,86.12022,308.66,0.42,0.37,2021-03-22,2002,N,VIIRS,n,2,294.67,1.85,N,0
21.75595,86.11138,305.77,0.42,0.37,2021-03-22,2002,N,VIIRS,n,2,293.82,1.49,N,0
21.7491,86.11018,308.79,0.42,0.37,2021-03-22,2002,N,VIIRS,n,2,294.51,1.66,N,0
21.741,86.15804,304.96,0.42,0.37,2021-03-22,2002,N,VIIRS,n,2,292.48,0.57,N,0
21.73881,86.10841,314.33,0.42,0.37,2021-03-22,2002,N,VIIRS,n,2,292.83,1.44,N,0
21.73815,86.11224,308.11,0.42,0.37,2021-03-22,2002,N,VIIRS,n,2,293.99,1.44,N,0
21.75869,86.11613,318.91,0.42,0.37,2021-03-22,2002,N,VIIRS,n,2,294.88,1.49,N,0
21.75757,86.119,312.47,0.42,0.37,2021-03-22,2002,N,VIIRS,n,2,294.99,1.04,N,0
21.75827,86.11491,312.56,0.42,0.37,2021-03-22,2002,N,VIIRS,n,2,294.5,1.95,N,0
21.99447,86.39709,305.78,0.42,0.38,2021-03-22,2002,N,VIIRS,n,2,295.13,1.74,N,0
21.99656,86.40569,319.97,0.42,0.38,2021-03-22,2002,N,VIIRS,n,2,295.49,2.67,N,0
21.96293,86.37339,309.12,0.42,0.38,2021-03-22,2002,N,VIIRS,n,2,294.35,2.29,N,0
21.8131,86.22867,306.18,0.42,0.38,2021-03-22,2002,N,VIIRS,n,2,293.08,0.96,N,0
21.80763,86.21915,308.61,0.42,0.38,2021-03-22,2002,N,VIIRS,n,2,293,1.55,N,0
21.86674,86.19683,305.23,0.42,0.37,2021-03-22,2002,N,VIIRS,n,2,291.97,0.71,N,0
21.85706,86.23241,302.38,0.42,0.38,2021-03-22,2002,N,VIIRS,n,2,290.74,0.57,N,0
21.71528,86.06246,338.24,0.44,0.38,2021-03-23,0714,N,VIIRS,n,2,309.85,2.61,D,0
21.83142,86.30138,332.75,0.43,0.38,2021-03-23,0714,N,VIIRS,n,2,302.44,3.76,D,0
21.78337,86.29335,334.67,0.43,0.38,2021-03-23,0714,N,VIIRS,n,2,302.48,3.02,D,0
21.77639,86.29464,340.41,0.43,0.38,2021-03-23,0714,N,VIIRS,n,2,303.71,7.99,D,0
21.77156,86.30862,334.48,0.43,0.38,2021-03-23,0714,N,VIIRS,n,2,302.69,3.45,D,0
21.8658,86.20084,339.52,0.43,0.38,2021-03-23,0715,N,VIIRS,n,2,302.88,3.74,D,0
21.86649,86.20493,337.86,0.43,0.38,2021-03-23,0715,N,VIIRS,n,2,302.81,3.74,D,0
21.89108,86.26533,332.34,0.43,0.38,2021-03-23,0715,N,VIIRS,n,2,304.54,2.93,D,0
21.95922,86.28265,333.36,0.43,0.38,2021-03-23,0715,N,VIIRS,n,2,303.99,3.43,D,0
21.72263,86.12608,304.36,0.43,0.38,2021-03-23,1943,N,VIIRS,n,2,291.69,0.9,N,0
21.85088,86.03144,331.4,0.53,0.5,2021-03-24,0656,N,VIIRS,l,2,302.35,4.31,D,0
21.84589,86.14084,309.91,0.52,0.67,2021-03-25,1905,N,VIIRS,n,2,290.11,2.45,N,0
21.84747,86.13944,313.5,0.52,0.67,2021-03-25,1906,N,VIIRS,n,2,290.27,1.42,N,0
21.84355,86.14012,302.4,0.6,0.7,2021-03-25,2046,N,VIIRS,n,2,288.9,1.02,N,0
21.72002,86.19695,300.52,0.61,0.54,2021-03-26,2027,N,VIIRS,n,2,289.78,1.76,N,0
21.72085,86.19931,302.99,0.61,0.53,2021-03-26,2027,N,VIIRS,n,2,289.32,0.43,N,0
21.78154,86.29893,331,0.48,0.4,2021-03-27,0740,N,VIIRS,l,2,302.93,5.48,D,0
21.96835,86.40099,333.38,0.49,0.4,2021-03-27,0740,N,VIIRS,l,2,303.7,3.16,D,0
21.92394,86.23092,334.38,0.48,0.4,2021-03-27,0740,N,VIIRS,n,2,303.4,2.23,D,0
21.70477,86.19793,333.28,0.47,0.4,2021-03-27,0740,N,VIIRS,l,2,303.88,2.95,D,0
21.80426,86.28347,335.72,0.48,0.4,2021-03-27,0740,N,VIIRS,n,2,302.66,3.05,D,0
21.97386,86.12601,341.32,0.47,0.4,2021-03-27,0740,N,VIIRS,l,2,311.34,6.4,D,0
21.7336,86.19375,305.27,0.48,0.4,2021-03-27,2008,N,VIIRS,n,2,289.27,1.14,N,0
21.72993,86.19306,302.55,0.48,0.4,2021-03-27,2008,N,VIIRS,n,2,288.96,1.14,N,0
21.78441,86.35267,338.85,0.39,0.36,2021-03-28,0721,N,VIIRS,n,2,307.06,3.13,D,0
21.76151,86.29466,351.05,0.39,0.36,2021-03-28,0721,N,VIIRS,n,2,308.27,5.45,D,0
21.76484,86.29406,339.41,0.39,0.36,2021-03-28,0721,N,VIIRS,n,2,307.08,5.45,D,0
21.76877,86.29724,335.84,0.39,0.36,2021-03-28,0721,N,VIIRS,l,2,306.37,2.98,D,0
21.76817,86.29343,349.37,0.39,0.36,2021-03-28,0721,N,VIIRS,n,2,312.53,9.2,D,0
21.76756,86.28961,333.27,0.39,0.36,2021-03-28,0721,N,VIIRS,l,2,306.55,9.2,D,0
21.77483,86.2922,338.97,0.39,0.36,2021-03-28,0721,N,VIIRS,n,2,307.24,3.44,D,0
21.98977,86.04228,343.74,0.39,0.37,2021-03-28,0721,N,VIIRS,l,2,316.31,7.02,D,0
21.80446,86.30611,340.61,0.39,0.36,2021-03-28,0721,N,VIIRS,n,2,310.5,5.8,D,0
21.75893,86.12742,335.89,0.39,0.37,2021-03-28,0721,N,VIIRS,l,2,306.96,3.22,D,0
21.81279,86.25027,339.75,0.39,0.36,2021-03-28,0721,N,VIIRS,n,2,307.02,3.12,D,0
21.81122,86.10988,337.21,0.39,0.37,2021-03-28,0721,N,VIIRS,l,2,309.72,4.87,D,0
21.8533,86.23471,343.96,0.39,0.36,2021-03-28,0721,N,VIIRS,n,2,308.69,4.38,D,0
21.88864,86.41432,338.07,0.39,0.36,2021-03-28,0721,N,VIIRS,n,2,312.27,2.92,D,0
21.93104,86.37937,341.85,0.39,0.36,2021-03-28,0721,N,VIIRS,n,2,307.6,4.14,D,0
21.94101,86.3775,332.68,0.39,0.36,2021-03-28,0721,N,VIIRS,l,2,307.32,3.51,D,0
21.96094,86.33608,337.23,0.39,0.36,2021-03-28,0721,N,VIIRS,n,2,307.47,4.76,D,0
21.96163,86.29729,354.58,0.39,0.36,2021-03-28,0721,N,VIIRS,n,2,310.19,6.04,D,0
21.96104,86.29356,335.31,0.39,0.36,2021-03-28,0721,N,VIIRS,n,2,307.9,6.04,D,0
21.76921,86.30626,310.81,0.39,0.36,2021-03-28,1950,N,VIIRS,n,2,292.07,0.87,N,0
21.76671,86.39023,314.43,0.39,0.36,2021-03-28,1950,N,VIIRS,n,2,293.53,1.55,N,0
21.85754,86.27817,334.55,0.41,0.45,2021-03-29,0702,N,VIIRS,n,2,305.65,2.96,D,0
21.79359,86.3587,332.78,0.41,0.45,2021-03-29,0702,N,VIIRS,n,2,301.19,4.12,D,0
21.81412,86.24146,336.45,0.42,0.45,2021-03-29,0702,N,VIIRS,n,2,304.18,4.92,D,0
21.75921,86.31253,335.01,0.41,0.45,2021-03-29,0702,N,VIIRS,n,2,302.8,6.7,D,0
21.81417,86.33254,331.79,0.41,0.45,2021-03-29,0702,N,VIIRS,l,2,302.66,4.08,D,0
21.78927,86.10942,344.67,0.42,0.45,2021-03-29,0702,N,VIIRS,n,2,312.89,7.59,D,0
21.76471,86.38554,343.2,0.41,0.45,2021-03-29,0702,N,VIIRS,n,2,304.29,6.54,D,0
21.7654,86.38914,340.97,0.41,0.45,2021-03-29,0702,N,VIIRS,n,2,304.11,6.75,D,0
21.86985,86.20844,344.48,0.42,0.45,2021-03-29,0702,N,VIIRS,n,2,305.63,4.74,D,0
21.86913,86.20467,331.51,0.42,0.45,2021-03-29,0702,N,VIIRS,l,2,304.57,2.17,D,0
21.90875,86.39043,332.28,0.41,0.45,2021-03-29,0702,N,VIIRS,l,2,303.22,3.05,D,0
21.7855,86.32294,307.69,0.4,0.44,2021-03-29,1931,N,VIIRS,n,2,293.51,1.2,N,0
21.76743,86.30037,306.07,0.4,0.45,2021-03-29,1931,N,VIIRS,n,2,290.97,1,N,0
21.75311,86.315,303.75,0.4,0.44,2021-03-29,1931,N,VIIRS,n,2,292.91,1.75,N,0
21.71674,86.20029,308.31,0.41,0.45,2021-03-29,1931,N,VIIRS,n,2,292.34,0.65,N,0
21.87318,86.21145,307.91,0.41,0.45,2021-03-29,1931,N,VIIRS,n,2,291.37,0.99,N,0
21.90055,86.36243,305.93,0.4,0.44,2021-03-29,1931,N,VIIRS,n,2,293.65,1.62,N,0
21.87779,86.20815,314.36,0.41,0.45,2021-03-29,1931,N,VIIRS,n,2,291.93,0.99,N,0
21.87733,86.21188,304.07,0.41,0.45,2021-03-29,1931,N,VIIRS,n,2,290.8,0.99,N,0
21.87745,86.17635,311.47,0.41,0.45,2021-03-29,1931,N,VIIRS,n,2,294.22,1.13,N,0
21.87364,86.20769,309.18,0.41,0.45,2021-03-29,1931,N,VIIRS,n,2,291.03,0.99,N,0
21.72088,86.20074,302.86,0.41,0.45,2021-03-29,1931,N,VIIRS,n,2,290.65,0.65,N,0
21.92636,86.37001,332.87,0.4,0.6,2021-03-30,0643,N,VIIRS,l,2,305.94,3.78,D,0
21.75319,86.31512,330.31,0.41,0.6,2021-03-30,0643,N,VIIRS,l,2,303.63,3.95,D,0
21.76225,86.30371,367,0.41,0.6,2021-03-30,0643,N,VIIRS,h,2,305.71,8.17,D,0
21.76313,86.30767,337.47,0.41,0.6,2021-03-30,0643,N,VIIRS,n,2,301.45,8.17,D,0
21.76127,86.29929,330.07,0.41,0.6,2021-03-30,0643,N,VIIRS,n,2,303.64,4.88,D,0
21.7517,86.09793,337.18,0.42,0.61,2021-03-30,0643,N,VIIRS,n,2,306.08,4.32,D,0
21.75827,86.10107,336.76,0.42,0.61,2021-03-30,0643,N,VIIRS,n,2,306.84,3.55,D,0
21.84869,86.03195,330.92,0.74,0.76,2021-03-30,0824,N,VIIRS,l,2,304.78,8.63,D,0
21.75413,86.09985,331.18,0.75,0.77,2021-03-30,0824,N,VIIRS,l,2,305.08,7.68,D,0
21.7494,86.10395,330.32,0.75,0.77,2021-03-30,0824,N,VIIRS,l,2,304.29,6.33,D,0
21.8456,86.03307,330.19,0.74,0.76,2021-03-30,0824,N,VIIRS,l,2,304.79,6.14,D,0
21.84507,86.02556,348.24,0.74,0.76,2021-03-30,0824,N,VIIRS,n,2,304.94,6.14,D,0
21.8482,86.02442,346.07,0.74,0.76,2021-03-30,0824,N,VIIRS,n,2,304.26,7.47,D,0
21.92604,86.38003,310.37,0.4,0.6,2021-03-30,1912,N,VIIRS,n,2,294.25,2.38,N,0
21.9282,86.37808,309.04,0.4,0.6,2021-03-30,1912,N,VIIRS,n,2,294.94,2.45,N,0
21.78028,86.34912,311.13,0.4,0.6,2021-03-30,1912,N,VIIRS,n,2,293.38,1.53,N,0
21.77656,86.38825,307.2,0.4,0.6,2021-03-30,1912,N,VIIRS,n,2,293.82,2.02,N,0
21.77623,86.39171,317.36,0.4,0.6,2021-03-30,1912,N,VIIRS,n,2,294.63,2.39,N,0
21.75987,86.32633,320.28,0.4,0.6,2021-03-30,1912,N,VIIRS,n,2,294.28,2.36,N,0
21.73709,86.20457,309.41,0.41,0.61,2021-03-30,1912,N,VIIRS,n,2,294.04,1.94,N,0
21.7315,86.20355,311.33,0.41,0.61,2021-03-30,1912,N,VIIRS,n,2,294.18,2.27,N,0
21.73113,86.20773,310.39,0.41,0.61,2021-03-30,1912,N,VIIRS,n,2,294.3,1.77,N,0
21.73437,86.20435,324.75,0.41,0.61,2021-03-30,1912,N,VIIRS,n,2,295.16,4,N,0
21.73397,86.2084,308.79,0.41,0.61,2021-03-30,1912,N,VIIRS,n,2,294.46,2.19,N,0
21.86119,86.33945,330.05,0.39,0.59,2021-03-31,0805,N,VIIRS,l,2,303.19,2.56,D,0
21.76101,86.39565,332.34,0.39,0.59,2021-03-31,0805,N,VIIRS,l,2,303.1,3.63,D,0
21.91453,86.38216,337.07,0.39,0.59,2021-03-31,0805,N,VIIRS,n,2,306.56,4.06,D,0
21.91418,86.37835,330.81,0.39,0.59,2021-03-31,0805,N,VIIRS,l,2,305.3,4.61,D,0
21.92043,86.38569,348.32,0.39,0.59,2021-03-31,0805,N,VIIRS,n,2,307.87,4.06,D,0
21.9201,86.3821,330.97,0.39,0.59,2021-03-31,0805,N,VIIRS,l,2,305.02,4.06,D,0
21.926,86.38552,332.45,0.39,0.59,2021-03-31,0805,N,VIIRS,l,2,304.52,4.08,D,0
21.7679,86.36736,305.48,0.39,0.6,2021-03-31,2033,N,VIIRS,n,2,293.18,1.01,N,0
21.7452,86.41783,308.08,0.4,0.6,2021-03-31,2033,N,VIIRS,n,2,293.6,1.11,N,0
21.74731,86.28117,305.34,0.39,0.59,2021-03-31,2033,N,VIIRS,n,2,291.85,0.95,N,0
21.98044,86.33962,318.74,0.39,0.59,2021-03-31,2033,N,VIIRS,n,2,296.04,3,N,0
21.85686,86.15454,301.45,0.38,0.59,2021-03-31,2033,N,VIIRS,n,2,290.63,0.36,N,0
21.85689,86.14368,308.24,0.38,0.59,2021-03-31,2033,N,VIIRS,n,2,290.41,1.04,N,0
21.85611,86.14724,305.24,0.38,0.59,2021-03-31,2033,N,VIIRS,n,2,291.14,1.61,N,0
21.85531,86.15087,311.43,0.38,0.59,2021-03-31,2033,N,VIIRS,n,2,292.14,1.61,N,0
21.85453,86.15445,304.97,0.38,0.59,2021-03-31,2033,N,VIIRS,n,2,291.25,0.98,N,0
21.85001,86.14941,327.5,0.38,0.59,2021-03-31,2033,N,VIIRS,n,2,294.42,1.61,N,0
21.85155,86.1424,308.34,0.38,0.59,2021-03-31,2033,N,VIIRS,n,2,290.69,1.04,N,0
21.85079,86.14587,317.78,0.38,0.59,2021-03-31,2033,N,VIIRS,n,2,293.39,1.61,N,0
21.84924,86.15296,307.32,0.38,0.59,2021-03-31,2033,N,VIIRS,n,2,293.25,0.98,N,0
